"市町村","タイトル","所在地","緯度","経度","写真1","写真2","写真3","写真4","写真5","写真6","写真7","写真8","写真9","写真10","連絡先","分類","災害種別","備考"
"","板野町防災ステーション","徳島県板野郡板野町川端字新手崎18-1","34.1376145138649","134.472894999665","","","","","","","","","","","088-637-5585","指定緊急避難場所（法指定）","洪水,崖崩れ等,地震,大規模な火事,内水氾濫",""
"","新野小学校","阿南市新野町南宮ノ久保70-1","33.846992732684","134.581094273894","","","","","","","","","","","0884-36-2021","指定緊急避難場所（法指定）","洪水,崖崩れ等,地震,大規模な火事",""
"","新野東小学校","阿南市新野町是国37-2","33.8451661087362","134.604181051268","","","","","","","","","","","0884-36-2103","指定緊急避難場所（法指定）","洪水,崖崩れ等,地震",""
"","阿南第二中学校","阿南市内原町竹ノ内口143-1","33.8767922382881","134.628260497804","","","","","","","","","","","0884-26-0203","指定緊急避難場所（法指定）","洪水,崖崩れ等,地震,大規模な火事",""
"","桑野小学校","阿南市桑野町岡元40-1","33.8735802113334","134.611782404768","","","","","","","","","","","0884-26-0200","指定緊急避難場所（法指定）","洪水,崖崩れ等,地震,大規模な火事",""
"","山口小学校","阿南市山口町末広12-1","33.8730345081459","134.58194017412","","","","","","","","","","","0884-26-0204","指定緊急避難場所（法指定）","洪水,崖崩れ等,地震,大規模な火事",""
"","桑野公民館","阿南市山口町内田150-1","33.8708518158819","134.602330812703","","","","","","","","","","","0884-26-1644","指定緊急避難場所（法指定）","洪水,崖崩れ等,地震",""
"","大井小学校","阿南市大井町東平127-1","33.9090378359693","134.517774863941","","","","","","","","","","","","指定緊急避難場所（法指定）","洪水,崖崩れ等,地震",""
"","加茂谷中学校","阿南市加茂町南不け1","33.9139890059545","134.550091670042","","","","","","","","","","","0884-25-0012","指定緊急避難場所（法指定）","洪水,地震,大規模な火事",""
"","阿南市クリーンピュア","阿南市熊谷町定方44","33.9166687406863","134.57790351083","","","","","","","","","","","0884-21-5374","指定緊急避難場所（法指定）","洪水,崖崩れ等,地震,大規模な火事",""
"","岩脇小学校","阿南市羽ノ浦町岩脇町筋87","33.9423706268626","134.615646847332","","","","","","","","","","","0884-44-2234","指定緊急避難場所（法指定）","洪水,地震",""
"","大野小学校","阿南市下大野町三条5","33.9346903843866","134.595673084274","","","","","","","","","","","0884-22-1004","指定緊急避難場所（法指定）","洪水,崖崩れ等,地震,大規模な火事",""
"","阿南支援学校","阿南市上大野町大山田52","33.9257439662399","134.58147883417","","","","","","","","","","","0884-22-2010","指定緊急避難場所（法指定）","洪水,地震",""
"","長生公民館","阿南市長生町上荒井楠ノ前4-2","33.9087203976232","134.619335991944","","","","","","","","","","","0884-23-5515","指定緊急避難場所（法指定）","洪水,崖崩れ等,地震",""
"","長生小学校","阿南市長生町五反地25-2","33.9102130747518","134.616614400535","","","","","","","","","","","0884-22-0604","指定緊急避難場所（法指定）","洪水,崖崩れ等,地震,大規模な火事",""
"","阿南第一中学校","阿南市長生町西方589-1","33.9270169965153","134.624919891369","","","","","","","","","","","0884-22-0604","指定緊急避難場所（法指定）","洪水,地震,大規模な火事",""
"","中野島小学校","阿南市上中町中原182-1","33.9328663172641","134.628832781517","","","","","","","","","","","0884-22-0439","指定緊急避難場所（法指定）","洪水,地震,大規模な火事",""
"","宝田小学校","阿南市宝田町久保田124","33.9206892585458","134.635707275624","","","","","","","","","","","0884-22-1134","指定緊急避難場所（法指定）","洪水,地震,大規模な火事",""
"","宝田公民館","阿南市宝田町久保田97-1","33.9229823476022","134.63751127198","","","","","","","","","","","0884-22-0234","指定緊急避難場所（法指定）","洪水",""
"","橘町総合センター","阿南市橘町豊浜36-15","33.8720343776035","134.641019888581","","","","","","","","","","","","指定緊急避難場所（法指定）","洪水,崖崩れ等",""
"","鳴門ふれあい健康館","鳴門市撫養町南浜字東浜24-2","34.17086398","134.6110582","","","","","","","","","","","","指定緊急避難場所（法指定）","洪水,高潮,崖崩れ等,地震,津波,内水氾濫",""
"","鳴門市学校給食センター","鳴門市大津町備前島字松の本219","34.16299","134.5818329","","","","","","","","","","","","指定緊急避難場所（法指定）","洪水,津波,内水氾濫",""
"","社会福祉協議会","神山町神領字本上角９３−１","33.9725044843091","134.370285216702","","","","","","","","","","","","指定緊急避難場所（法指定）","洪水,崖崩れ等,地震,大規模な火事,内水氾濫",""
"","里浦南防災センター","里浦町里浦字恵美寿5-6","34.1500988782319","134.613917469989","","","","","","","","","","","","指定緊急避難場所（法指定）","洪水,高潮,崖崩れ等,地震,津波,内水氾濫",""
"","半田中学校","徳島県美馬郡つるぎ町半田字田井282","34.0309137735675","134.02980596684","","","","","","","","","","","","指定緊急避難場所（法指定）","洪水,崖崩れ等,地震,大規模な火事,内水氾濫",""
"","藍里病院","板野郡上板町佐藤塚字東288番地３","34.115218428876","134.45415051655","","","","","","","","","","","088-672-5980","指定緊急避難場所（法指定）","洪水,崖崩れ等,地震,大規模な火事,内水氾濫",""
"","小松島南中学校","立江町字赤石78-2","33.9786127041869","134.606491684934","","","","","","","","","","","0885-38-6612","指定緊急避難場所（法指定）","洪水,崖崩れ等,津波,内水氾濫",""
"","津波防災センター・中央庁舎","松茂町広島字東裏３０番地","34.1338115170975","134.580465335022","","","","","","","","","","","088-699-2111","指定緊急避難場所（法指定）","洪水,津波",""
"","松茂町議会棟","松茂町広島字東裏３０番地","34.1337788389605","134.580737427238","","","","","","","","","","","088-699-2111","指定緊急避難場所（法指定）","洪水,津波",""
"","石井町消防団石井分団第７部詰所","石井町石井字白鳥５５３","34.067709","134.4591933","","","","","","","","","","","","指定緊急避難場所（法指定）","洪水,地震,大規模な火事,内水氾濫",""
"","石井町消防団石井分団第６部詰所","石井町石井字石井２４８０−３","34.066199","134.4537484","","","","","","","","","","","","指定緊急避難場所（法指定）","洪水,崖崩れ等,地震,大規模な火事,内水氾濫",""
"","石井町消防団石井分団第２部詰所","石井町石井字石井９５８−１２","34.06514669","134.4491618","","","","","","","","","","","","指定緊急避難場所（法指定）","洪水,崖崩れ等,地震,大規模な火事,内水氾濫",""
"","下浦東農業構造改善センター","石井町浦庄字下浦９１５","34.06281451","134.4206607","","","","","","","","","","","","指定緊急避難場所（法指定）","洪水,地震,大規模な火事,内水氾濫",""
"","高川原福祉会館・公会堂","石井町高川原字高川原６６６−１","34.07346134","134.4447469","","","","","","","","","","","088-674-0403","指定緊急避難場所（法指定）","洪水,崖崩れ等,地震,大規模な火事,内水氾濫",""
"","高川原小学校","石井町高川原字高川原１１６７","34.077483","134.44842","","","","","","","","","","","088-674-0105","指定緊急避難場所（法指定）","洪水,崖崩れ等,地震,大規模な火事,内水氾濫",""
"","公民館藍畑分館","石井町藍畑字東覚円671-1","34.094601","134.438935","","","","","","","","","","","−","指定緊急避難場所（法指定）","洪水,崖崩れ等,地震,大規模な火事,内水氾濫",""
"","藍畑小学校","石井町藍畑字東覚円６７０","34.097795","134.440459","","","","","","","","","","","088-674-1604","指定緊急避難場所（法指定）","洪水,崖崩れ等,地震,大規模な火事,内水氾濫",""
"","高原小学校","石井町高原字東高原２５０−1","34.083623","134.421276","","","","","","","","","","","088-674-1204","指定緊急避難場所（法指定）","洪水,崖崩れ等,地震,大規模な火事,内水氾濫",""
"","公民館浦庄分館","石井町浦庄字下浦６０２−１","34.067061","134.419989","","","","","","","","","","","088-674-0049","指定緊急避難場所（法指定）","洪水,崖崩れ等,地震,大規模な火事,内水氾濫",""
"","浦庄小学校","石井町浦庄字下浦４７５−１","34.066485","134.41625","","","","","","","","","","","088-674-0142","指定緊急避難場所（法指定）","洪水,崖崩れ等,地震,大規模な火事,内水氾濫",""
"","徳島県立農林水産総合技術センター","石井町石井字石井１６６０","34.062544","134.452698","","","","","","","","","","","088-674-1026","指定緊急避難場所（法指定）","洪水,崖崩れ等,地震,大規模な火事,内水氾濫",""
"","名西高校","石井町石井字石井２１−１１","34.072548","134.440614","","","","","","","","","","","088-674-2151","指定緊急避難場所（法指定）","洪水,崖崩れ等,地震,大規模な火事,内水氾濫",""
"","尼寺教育センター","石井町石井字尼寺５３−１","34.068938","134.467402","","","","","","","","","","","−","指定緊急避難場所（法指定）","洪水,崖崩れ等,地震,大規模な火事,内水氾濫",""
"","前山公園屋内運動場（体育館）","石井町石井字城ノ内９２３","34.0578968269055","134.43519802573","","","","","","","","","","","088-675-1300","指定緊急避難場所（法指定）","洪水,地震,大規模な火事,内水氾濫",""
"","石井町中央公民館","石井町石井字石井４８０−１","34.067954","134.446515","","","","","","","","","","","088-674-2002","指定緊急避難場所（法指定）","洪水,崖崩れ等,地震,大規模な火事,内水氾濫",""
"","石井町保健センター","石井町石井字石井３８０−１１","34.070076","134.445405","","","","","","","","","","","088-674-0001","指定緊急避難場所（法指定）","洪水,崖崩れ等,地震,大規模な火事,内水氾濫",""
"","石井小学校","石井町石井字石井１１８４−１","34.065732","134.444139","","","","","","","","","","","088-674-0019","指定緊急避難場所（法指定）","洪水,崖崩れ等,地震,大規模な火事,内水氾濫",""
"","高浦中学校","石井町浦庄字国実１００","34.07639","134.42075","","","","","","","","","","","088-674-1219","指定緊急避難場所（法指定）","洪水,崖崩れ等,地震,大規模な火事,内水氾濫",""
"","石井中学校","石井町高川原字高川原１２５−１","34.074473","134.439373","","","","","","","","","","","088-674-1344","指定緊急避難場所（法指定）","洪水,崖崩れ等,地震,大規模な火事,内水氾濫",""
"","前山公園","石井町石井字城ノ内９２３","34.057716","134.434237","","","","","","","","","","","−","指定緊急避難場所（法指定）","洪水,地震,大規模な火事,内水氾濫",""
"","特別養護老人ホーム　上板あおば苑","上板町西分字橋西１番地10","34.1195175660914","134.41751046222","","","","","","","","","","","088-637-6622","指定緊急避難場所（法定外）","洪水,崖崩れ等,地震,内水氾濫",""
"","障がい者支援施設　あおばの郷","上板町神宅字西金屋３６番地1","34.1233634180975","134.410751295504","","","","","","","","","","","088-694-5777","指定緊急避難場所（法定外）","洪水,崖崩れ等,地震,内水氾濫",""
"","松島小学校（多目的ホール）","上板町鍛冶屋原字北原20","34.1208143403507","134.399705958803","","","","","","","","","","","088-694-6814","指定緊急避難場所（法定外）","洪水,崖崩れ等,地震,内水氾濫",""
"","上板町松島学童保育施設","上板町鍛冶屋原字北原２０番地","34.1222087917103","134.399319720681","","","","","","","","","","","088-694-6810","指定緊急避難場所（法定外）","洪水,崖崩れ等,地震,内水氾濫",""
"","上板町神宅学童保育施設","上板町神宅字喜来９５番地3","34.1341273156051","134.414098692356","","","","","","","","","","","088-694-6810","指定緊急避難場所（法定外）","洪水,崖崩れ等,地震,内水氾濫",""
"","上勝町基幹集落センター","上勝町大字旭字蔭55","33.878618","134.389642","","","","","","","","","","","050-3438-7297","指定緊急避難場所（法指定）","洪水,崖崩れ等,地震,大規模な火事,内水氾濫",""
"","上勝町コミュニティセンター","上勝町大字福原字下横峯3-1","33.888329","134.402031","","","","","","","","","","","050-3438-8412","指定緊急避難場所（法指定）","洪水,崖崩れ等,地震,大規模な火事,内水氾濫",""
"","福原ふれあいセンター","上勝町大字福原字平間45-2","33.884952","134.416732","","","","","","","","","","","050-3438-8230","指定緊急避難場所（法指定）","洪水,崖崩れ等,地震,大規模な火事,内水氾濫",""
"","傍示定住センター体育館","上勝町大字傍示字下地65-1","33.915626","134.419707","","","","","","","","","","","050-3438-7370","指定緊急避難場所（法指定）","洪水,崖崩れ等,地震,大規模な火事,内水氾濫",""
"","高鉾公民館","上勝町大字正木字中津66","33.920843","134.428106","","","","","","","","","","","050-3438-9329","指定緊急避難場所（法指定）","洪水,崖崩れ等,地震,大規模な火事,内水氾濫",""
"","吉野川ハイウェイオアシス","東みよし町足代1650","34.037023","133.890915","","","","","","","","","","","0883-79-5858","指定緊急避難場所（法指定）","洪水,崖崩れ等,地震,大規模な火事,内水氾濫",""
"","三好総合運動公園","東みよし町足代3936-1","34.047496","133.89297","","","","","","","","","","","","指定緊急避難場所（法指定）","洪水,地震,大規模な火事,内水氾濫",""
"","足代小学校・グラウンド・体育館","東みよし町足代2711","34.04335","133.901878","","","","","","","","","","","0883-79-2104","指定緊急避難場所（法指定）","洪水,崖崩れ等,地震,大規模な火事,内水氾濫",""
"","東みよし町役場三好庁舎","東みよし町昼間3673-1","34.042764","133.866821","","","","","","","","","","","0883-79-3111","指定緊急避難場所（法指定）","洪水,崖崩れ等,大規模な火事,内水氾濫",""
"","東みよし町中央公民館","東みよし町昼間3697-1","34.043224","133.86529","","","","","","","","","","","0883-79-3217","指定緊急避難場所（法指定）","洪水,崖崩れ等,大規模な火事,内水氾濫",""
"","ふれアリーナみよし","東みよし町昼間1734","34.038905","133.876146","","","","","","","","","","","0883-79-2888","指定緊急避難場所（法指定）","洪水,崖崩れ等,地震,大規模な火事,内水氾濫",""
"","三好中学校・グラウンド","東みよし町昼間1893","34.03878","133.875235","","","","","","","","","","","0883-79-2159","指定緊急避難場所（法指定）","洪水,地震,大規模な火事,内水氾濫",""
"","昼間小学校・グラウンド・体育館","東みよし町昼間1637","34.041724","133.876134","","","","","","","","","","","0883-79-2158","指定緊急避難場所（法指定）","洪水,地震,大規模な火事,内水氾濫",""
"","三加茂公民館","東みよし町加茂3360","34.036788","133.936956","","","","","","","","","","","0883-82-6303","指定緊急避難場所（法指定）","洪水,崖崩れ等,地震,大規模な火事,内水氾濫",""
"","加茂小学校・グラウンド・体育館","東みよし町加茂2688","34.036629","133.923433","","","","","","","","","","","0883-82-2017","指定緊急避難場所（法指定）","洪水,崖崩れ等,地震,大規模な火事",""
"","明谷小学校","一宇字大屋内４３０４番地","33.917509","134.041142","","","","","","","","","","","　　−","指定緊急避難場所（法指定）","洪水,崖崩れ等,地震,大規模な火事,内水氾濫",""
"","平地区集会所","一宇字平３６９１番地１","33.918706","134.053518","","","","","","","","","","","　　−","指定緊急避難場所（法指定）","洪水,崖崩れ等,地震,大規模な火事,内水氾濫",""
"","葛籠地区集会所","一宇字葛籠６３０８番地","33.873814","134.076725","","","","","","","","","","","　　","指定緊急避難場所（法指定）","洪水,崖崩れ等,地震,大規模な火事",""
"","錦谷小学校","一宇字川又９５５番地１","33.905382","134.079026","","","","","","","","","","","　　−","指定緊急避難場所（法指定）","洪水,崖崩れ等,大規模な火事,内水氾濫",""
"","河内地区集会所","一宇字大佐古６７０番地１","33.916022","134.06856","","","","","","","","","","","　　−","指定緊急避難場所（法指定）","洪水,崖崩れ等,地震,大規模な火事,内水氾濫",""
"","大野地区集会所","一宇字大野２２２番地","33.942123","134.071569","","","","","","","","","","","　　−","指定緊急避難場所（法指定）","洪水,崖崩れ等,地震,大規模な火事,内水氾濫",""
"","須貝瀬集会所","一宇字久藪２８８番地","33.931922","134.054098","","","","","","","","","","","　　−","指定緊急避難場所（法指定）","洪水,崖崩れ等,地震,大規模な火事,内水氾濫",""
"","伊良原地区集会所","一宇字伊良原１２３番地","33.935416","134.067031","","","","","","","","","","","　　−","指定緊急避難場所（法指定）","洪水,崖崩れ等,地震,大規模な火事,内水氾濫",""
"","久藪地区集会所","一宇字久藪２０５番地３","33.935937","134.056367","","","","","","","","","","","　　−","指定緊急避難場所（法指定）","洪水,崖崩れ等,地震,大規模な火事,内水氾濫",""
"","一宇公民館","一宇字赤松６番地２","33.95521","134.06767","","","","","","","","","","","0883-67-2803","指定緊急避難場所（法指定）","洪水,崖崩れ等,大規模な火事,内水氾濫",""
"","剪宇ふれあいサロン","一宇字剪宇１２７番地","33.952589","134.086166","","","","","","","","","","","　　−","指定緊急避難場所（法指定）","洪水,崖崩れ等,地震,大規模な火事,内水氾濫",""
"","古見小学校","一宇字太刀之本５番地４","33.951188","134.062251","","","","","","","","","","","0883-67-2311","指定緊急避難場所（法指定）","洪水,崖崩れ等,大規模な火事,内水氾濫",""
"","一宇中学校体育館","一宇字太刀之本１番地","33.951472","134.062042","","","","","","","","","","","　　−","指定緊急避難場所（法指定）","洪水,崖崩れ等,地震,大規模な火事,内水氾濫",""
"","元直売所","一宇字切越１８３番地１","33.954124","134.063228","","","","","","","","","","","　　−","指定緊急避難場所（法指定）","洪水,崖崩れ等,大規模な火事,内水氾濫",""
"","大宗地区集会所","一宇字赤松８６番地","33.955588","134.06753","","","","","","","","","","","　　−","指定緊急避難場所（法指定）","洪水,崖崩れ等,地震,大規模な火事,内水氾濫",""
"","つるぎの宿岩戸","一宇字赤松６番地９","33.955499","134.0679","","","","","","","","","","","0883-67-2826","指定緊急避難場所（法指定）","洪水,崖崩れ等,地震,大規模な火事,内水氾濫",""
"","赤松地区集会所","一宇字赤松７６４番地","33.956585","134.058566","","","","","","","","","","","　　−","指定緊急避難場所（法指定）","洪水,地震,大規模な火事,内水氾濫",""
"","一宇地区集会所","一宇字一宇７２番地","33.961239","134.077899","","","","","","","","","","","　　−","指定緊急避難場所（法指定）","洪水,崖崩れ等,地震,大規模な火事,内水氾濫",""
"","敷地老人憩の家","半田字小野２０３番地１","34.041147","134.034137","","","","","","","","","","","　　−","指定緊急避難場所（法指定）","洪水,崖崩れ等,地震,大規模な火事,内水氾濫",""
"","上の原老人憩の家","半田字東久保７８０番地３","34.026966","134.035918","","","","","","","","","","","　　−","指定緊急避難場所（法指定）","洪水,崖崩れ等,地震,大規模な火事",""
"","小野上・西老人憩の家","半田字小野５４７番地","34.040632","134.033321","","","","","","","","","","","　　−","指定緊急避難場所（法指定）","洪水,崖崩れ等,地震,大規模な火事,内水氾濫",""
"","東部老人憩の家","半田字坂根５０５番地","33.988385","134.039217","","","","","","","","","","","　　−","指定緊急避難場所（法指定）","洪水,崖崩れ等,大規模な火事,内水氾濫",""
"","坂根小学校・体育館","半田字坂根３４６番地","33.989817","134.037076","","","","","","","","","","","　　−","指定緊急避難場所（法指定）","洪水,崖崩れ等,大規模な火事,内水氾濫",""
"","下喜来老人憩の家","半田字下喜来８１番地６","33.991129","134.016166","","","","","","","","","","","　　−","指定緊急避難場所（法指定）","洪水,崖崩れ等,大規模な火事,内水氾濫",""
"","八千代小学校・体育館","半田字下喜来１番地","33.995599","134.025156","","","","","","","","","","","0883-65-0002","指定緊急避難場所（法指定）","洪水,崖崩れ等,地震,大規模な火事,内水氾濫",""
"","日開野活性化センター","半田字日開野１９７番地２","33.998739","134.028214","","","","","","","","","","","0883-65-0551","指定緊急避難場所（法指定）","洪水,崖崩れ等,地震,大規模な火事,内水氾濫",""
"","八千代中学校","半田字日開野１２２番地","33.997796","134.028515","","","","","","","","","","","　　−","指定緊急避難場所（法指定）","洪水,崖崩れ等,地震,大規模な火事,内水氾濫",""
"","白石小学校","半田字白石４２２番地","33.998899","134.014406","","","","","","","","","","","　　−","指定緊急避難場所（法指定）","洪水,崖崩れ等,大規模な火事,内水氾濫",""
"","高清小学校","半田字高清１３９８番地","34.001901","134.037355","","","","","","","","","","","　　−","指定緊急避難場所（法指定）","洪水,崖崩れ等,地震,大規模な火事,内水氾濫",""
"","東久保老人憩の家","半田字東久保４１９番地１","34.025948","134.030977","","","","","","","","","","","　　−","指定緊急避難場所（法指定）","洪水,崖崩れ等,地震,大規模な火事,内水氾濫",""
"","田井老人・肉用牛センター","半田字田井１４９番地９","34.034577","134.029126","","","","","","","","","","","　　−","指定緊急避難場所（法指定）","洪水,崖崩れ等,大規模な火事,内水氾濫",""
"","逢坂老人憩の家","半田字逢坂１４番地１","34.035395","134.032999","","","","","","","","","","","　　−","指定緊急避難場所（法指定）","洪水,地震,大規模な火事,内水氾濫",""
"","特別養護老人ホームうらら荘","半田字松生１５０番地１","34.041423","134.023182","","","","","","","","","","","0883-64-2334","指定緊急避難場所（法指定）","洪水,崖崩れ等,地震,大規模な火事,内水氾濫",""
"","半田地域福祉センター","半田字小野５２１番地","34.03904","134.033965","","","","","","","","","","","0883-64-4182","指定緊急避難場所（法指定）","洪水,崖崩れ等,地震,大規模な火事,内水氾濫",""
"","小野コミュニティーセンター","半田字小野９１−１","34.039156","134.033965","","","","","","","","","","","　　−","指定緊急避難場所（法指定）","洪水,崖崩れ等,地震,大規模な火事,内水氾濫",""
"","小野老人憩の家","半田字小野２６６番地","34.041165","134.031213","","","","","","","","","","","　　−","指定緊急避難場所（法指定）","洪水,崖崩れ等,地震,大規模な火事,内水氾濫",""
"","中薮老人憩の家","半田字中薮３９７番地６","34.041414","134.035891","","","","","","","","","","","　　−","指定緊急避難場所（法指定）","洪水,崖崩れ等,地震,大規模な火事,内水氾濫",""
"","西崎住民憩の家","半田字中薮９１番地５","34.042201","134.047735","","","","","","","","","","","　　−","指定緊急避難場所（法指定）","洪水,地震,大規模な火事,内水氾濫",""
"","日浦集会所","貞光字日浦１５１番地１","33.98995","134.081869","","","","","","","","","","","　　−","指定緊急避難場所（法指定）","洪水,崖崩れ等,大規模な火事,内水氾濫",""
"","端山小学校","貞光字宮平３９番地","33.995299","134.088483","","","","","","","","","","","　　−","指定緊急避難場所（法指定）","洪水,崖崩れ等,大規模な火事,内水氾濫",""
"","剣山木綿麻温泉","貞光字長瀬１２７番地２","34.001923","134.086697","","","","","","","","","","","0883-62-5500","指定緊急避難場所（法指定）","洪水,崖崩れ等,地震,大規模な火事,内水氾濫",""
"","長瀬集会所","貞光字長瀬１９６番地","34.000891","134.084015","","","","","","","","","","","　　−","指定緊急避難場所（法指定）","洪水,大規模な火事,内水氾濫",""
"","広瀬集会所","貞光字長瀬５０番地","34.003631","134.079369","","","","","","","","","","","　　−","指定緊急避難場所（法指定）","洪水,大規模な火事,内水氾濫",""
"","吉良集会所","貞光字吉良３１８番地","33.993749","134.073254","","","","","","","","","","","　　−","指定緊急避難場所（法指定）","洪水,崖崩れ等,大規模な火事,内水氾濫",""
"","端山住民センター","貞光字東丸井５番地","34.010888","134.076011","","","","","","","","","","","0883-62-2201","指定緊急避難場所（法指定）","洪水,崖崩れ等,大規模な火事,内水氾濫",""
"","井折集会所","貞光字捨子谷南１６３番地","34.01762","134.074209","","","","","","","","","","","0883-62-5154","指定緊急避難場所（法指定）","洪水,崖崩れ等,大規模な火事",""
"","皆瀬小学校","貞光字皆瀬川向１番地","34.018096","134.068968","","","","","","","","","","","　　−","指定緊急避難場所（法指定）","洪水,崖崩れ等,地震,大規模な火事,内水氾濫",""
"","引地集会所","貞光字引地１５１番地","34.019612","134.061659","","","","","","","","","","","　　−","指定緊急避難場所（法指定）","洪水,崖崩れ等,大規模な火事,内水氾濫",""
"","浦山集会所","貞光字浦山４２４番地３","34.021706","134.058968","","","","","","","","","","","　　−","指定緊急避難場所（法指定）","洪水,崖崩れ等,大規模な火事,内水氾濫",""
"","家賀道上集会所","貞光字家賀道上２６６番地","34.002257","134.100835","","","","","","","","","","","　　−","指定緊急避難場所（法指定）","洪水,崖崩れ等,大規模な火事,内水氾濫",""
"","家賀道下集会所","貞光字家賀道下４０７番地","34.008678","134.101447","","","","","","","","","","","　　−","指定緊急避難場所（法指定）","洪水,崖崩れ等,大規模な火事,内水氾濫",""
"","平野小学校","貞光字平野１９７番地１","34.011046","134.09233","","","","","","","","","","","0883-62-2558","指定緊急避難場所（法指定）","洪水,崖崩れ等,地震,大規模な火事,内水氾濫",""
"","広谷集会所","貞光字広谷２３番地","34.015397","134.094824","","","","","","","","","","","　　−","指定緊急避難場所（法指定）","洪水,崖崩れ等,大規模な火事,内水氾濫",""
"","長木集会所","貞光字長木８３番地","34.019514","134.099443","","","","","","","","","","","0883-62-4733","指定緊急避難場所（法指定）","洪水,崖崩れ等,大規模な火事,内水氾濫",""
"","美馬農協端山事業所","貞光字捨子谷南２７２番地２","34.014517","134.077454","","","","","","","","","","","0883-62-3196","指定緊急避難場所（法指定）","洪水,崖崩れ等,大規模な火事,内水氾濫",""
"","白村集会所","貞光字白村２４５番地３","34.031732","134.076317","","","","","","","","","","","　　−","指定緊急避難場所（法指定）","洪水,崖崩れ等,大規模な火事,内水氾濫",""
"","柴内小学校","貞光字柴内３２８番地２","34.033132","134.080658","","","","","","","","","","","　　−","指定緊急避難場所（法指定）","洪水,崖崩れ等,地震,大規模な火事,内水氾濫",""
"","太田中央集会所","貞光字太田東３８２番地２","34.049962","134.088623","","","","","","","","","","","　　−","指定緊急避難場所（法指定）","洪水,崖崩れ等,大規模な火事,内水氾濫",""
"","江ノ脇集会所","貞光字江の脇２０４番地","34.042792","134.069276","","","","","","","","","","","　　−","指定緊急避難場所（法指定）","洪水,崖崩れ等,大規模な火事,内水氾濫",""
"","川東集会所","貞光字岡４２５番地３","34.031483","134.065626","","","","","","","","","","","　　−","指定緊急避難場所（法指定）","洪水,崖崩れ等,大規模な火事,内水氾濫",""
"","木綿麻会館","貞光字岡８２番地","34.022324","134.065701","","","","","","","","","","","　　−","指定緊急避難場所（法指定）","洪水,崖崩れ等,大規模な火事",""
"","大坊集会所","貞光字大坊１１４番地４","34.030829","134.059306","","","","","","","","","","","　　−","指定緊急避難場所（法指定）","洪水,崖崩れ等,大規模な火事,内水氾濫",""
"","貞光小学校・体育館","貞光字野口８７番地","34.037075","134.059757","","","","","","","","","","","0883-62-2039","指定緊急避難場所（法指定）","洪水,崖崩れ等,地震,大規模な火事,内水氾濫",""
"","貞光幼稚園","貞光字野口６６番地","34.035653","134.060444","","","","","","","","","","","0883-62-2538","指定緊急避難場所（法指定）","洪水,崖崩れ等,地震,大規模な火事,内水氾濫",""
"","貞光老人福祉センター","貞光字西山１５２番地２","34.035537","134.059831","","","","","","","","","","","　　　　","指定緊急避難場所（法指定）","洪水,崖崩れ等,大規模な火事,内水氾濫",""
"","貞光中央公民館","貞光字西山１５２番地２","34.035791","134.059634","","","","","","","","","","","0883-62-2074","指定緊急避難場所（法指定）","洪水,崖崩れ等,大規模な火事,内水氾濫",""
"","貞光保健センター","貞光字中須賀６８番地１","34.040365","134.065164","","","","","","","","","","","0883-62-3313","指定緊急避難場所（法指定）","洪水,崖崩れ等,地震,大規模な火事,内水氾濫",""
"","貞光中学校体育館","貞光字中須賀５２番地","34.037538","134.064564","","","","","","","","","","","0883-62-2104","指定緊急避難場所（法指定）","洪水,崖崩れ等,地震,大規模な火事,内水氾濫",""
"","東浦集会所","貞光字東浦５７番地","34.034727","134.064368","","","","","","","","","","","　　−","指定緊急避難場所（法指定）","洪水,崖崩れ等,地震,大規模な火事,内水氾濫",""
"","貞光農業構造改善センター","貞光字東浦１番地３","34.036982","134.06405","","","","","","","","","","","0883-62-3111","指定緊急避難場所（法指定）","洪水,崖崩れ等,地震,大規模な火事,内水氾濫",""
"","テクノスクール","貞光字東浦１２８番地４","34.032114","134.06378","","","","","","","","","","","0883-62-3067","指定緊急避難場所（法指定）","洪水,崖崩れ等,地震,大規模な火事,内水氾濫",""
"","コミュニティーセンター八幡会館","貞光字前田４５−１","34.030794","134.063056","","","","","","","","","","","　　−","指定緊急避難場所（法指定）","洪水,崖崩れ等,大規模な火事,内水氾濫",""
"","まちなみ交流館","貞光字町６８番地","34.035364","134.06253","","","","","","","","","","","　　−","指定緊急避難場所（法指定）","洪水,地震,大規模な火事,内水氾濫",""
"","つるぎ高校","貞光字馬出８０番地６","34.041058","134.056871","","","","","","","","","","","0883-62-3135","指定緊急避難場所（法指定）","洪水,崖崩れ等,地震,大規模な火事,内水氾濫",""
"","貞光ゆうゆう館","貞光字大須賀１１番地１","34.042632","134.060057","","","","","","","","","","","0883-62-5000","指定緊急避難場所（法指定）","洪水,崖崩れ等,地震,大規模な火事,内水氾濫",""
"","貞光中学校","貞光字中須賀５２番地","34.037591","134.064885","","","","","","","","","","","0883-62-2104","指定緊急避難場所（法指定）","洪水,崖崩れ等,地震,大規模な火事,内水氾濫",""
"","上板町西老人集会所","上板町引野字東原４９−１","34.12434","134.399739","","","","","","","","","","","088-694-6810","指定緊急避難場所（法定外）","洪水,崖崩れ等,地震,内水氾濫",""
"","上板町技の館","上板町泉谷字原東３２−４","34.131953","134.397289","","","","","","","","","","","088-637-6555","指定緊急避難場所（法定外）","洪水,崖崩れ等,地震,内水氾濫",""
"","松島幼稚園","上板町鍛冶屋原字北原２０","34.120595","134.399567","","","","","","","","","","","088-694-2004","指定緊急避難場所（法定外）","洪水,崖崩れ等,地震,内水氾濫",""
"","上板町東老人集会所","上板町神宅字北屋敷３２−２","34.13092","134.415203","","","","","","","","","","","088-694-6810","指定緊急避難場所（法定外）","洪水,崖崩れ等,地震,内水氾濫",""
"","さくら保育所","上板町西分日吉前２０−１","34.120467","134.417653","","","","","","","","","","","088-694-8180","指定緊急避難場所（法定外）","洪水,崖崩れ等,地震,内水氾濫",""
"","神宅幼稚園","上板町神宅字喜来１３５","34.133801","134.413994","","","","","","","","","","","088-694-2041","指定緊急避難場所（法定外）","洪水,崖崩れ等,地震,内水氾濫",""
"","松島小学校（体育館）","板野郡上板町鍛冶屋原字北原２０","34.120896","134.399191","","","","","","","","","","","088-694-2004","指定緊急避難場所（法指定）","洪水,崖崩れ等,地震,内水氾濫",""
"","神宅小学校（体育館）","板野郡上板町神宅字喜来１３５","34.134511","134.415128","","","","","","","","","","","088-694-2041","指定緊急避難場所（法指定）","洪水,崖崩れ等,地震,内水氾濫",""
"","上板町農村環境改善センター","板野郡上板町七條字経塚４２","34.121424","134.405824","","","","","","","","","","","088-694-6816","指定緊急避難場所（法指定）","洪水,崖崩れ等,地震,内水氾濫",""
"","上板町役場（中央公民館）","板野郡上板町七條字経塚４２","34.121384","134.404823","","","","","","","","","","","088-694-3111","指定緊急避難場所（法指定）","洪水,崖崩れ等,地震,内水氾濫",""
"","上板町文化センター第１分館","板野郡上板町西分字滝ノ宮西２６−１","34.130727","134.422392","","","","","","","","","","","088-694-3020","指定緊急避難場所（法指定）","洪水,崖崩れ等,地震,内水氾濫",""
"","上板中学校（体育館）","板野郡上板町神宅字西金屋４４","34.125178","134.410668","","","","","","","","","","","088-694-2035","指定緊急避難場所（法指定）","洪水,崖崩れ等,地震,内水氾濫",""
"","板野高校体育館","板野町川端字関ノ本47","34.1409424427376","134.470169526658","","","","","","","","","","","088-672-1101","指定緊急避難場所（法指定）","洪水,崖崩れ等,地震,大規模な火事,内水氾濫",""
"","板野保育園遊戯室","板野町大寺字郡頭27-2","34.139893402996","134.460738729017","","","","","","","","","","","088-672-3500","指定緊急避難場所（法指定）","洪水,崖崩れ等,大規模な火事,内水氾濫",""
"","板野保育園管理棟","板野町大寺字岡ノ前20","34.1399303110355","134.459885432076","","","","","","","","","","","088-672-2101","指定緊急避難場所（法指定）","洪水,崖崩れ等,大規模な火事,内水氾濫",""
"","板野町町民ふれあいプラザ","板野町那東字大道下10","34.136679","134.439576","","","","","","","","","","","088-672−0311","指定緊急避難場所（法指定）","洪水,崖崩れ等,地震,大規模な火事,内水氾濫",""
"","板野町町民センター","板野町大寺字亀山西169-5","34.144068","134.462685","","","","","","","","","","","088-672−0051","指定緊急避難場所（法指定）","洪水,崖崩れ等,大規模な火事,内水氾濫",""
"","穂波園指定通所介護事業所","板野町吹田字西山68-10","34.145798","134.455536","","","","","","","","","","","088-672-5577","指定緊急避難場所（法指定）","洪水,地震,大規模な火事,内水氾濫",""
"","文化の館","板野町犬伏字東谷13-1","34.145131","134.453352","","","","","","","","","","","088-672−5888","指定緊急避難場所（法指定）","洪水,崖崩れ等,地震,大規模な火事,内水氾濫",""
"","板野町体育センター","板野町吹田字間谷14−1","34.147284","134.455493","","","","","","","","","","","","指定緊急避難場所（法指定）","洪水,崖崩れ等,地震,大規模な火事,内水氾濫",""
"","郡頭教育集会所","板野町大寺字王子33","34.14134","134.463161","","","","","","","","","","","","指定緊急避難場所（法指定）","洪水,崖崩れ等,内水氾濫",""
"","川端教育集会所","板野町川端字権現1−1","34.151184","134.480335","","","","","","","","","","","","指定緊急避難場所（法指定）","洪水,崖崩れ等,内水氾濫",""
"","南公民館","板野町下庄字栖養46-2","34.1247556524001","134.457011797811","","","","","","","","","","","088-672−2049","指定緊急避難場所（法指定）","洪水,崖崩れ等,地震,大規模な火事,内水氾濫",""
"","中央公民館","板野町大寺字亀山西190-1","34.144576","134.462538","","","","","","","","","","","088-672−0136","指定緊急避難場所（法指定）","洪水,崖崩れ等,内水氾濫",""
"","板野中学校体育館・武道館","板野町大寺字郡頭1-1","34.140681","134.461292","","","","","","","","","","","088-672−0079","指定緊急避難場所（法指定）","洪水,崖崩れ等,地震,大規模な火事,内水氾濫",""
"","板野南小学校体育館","板野町下庄栖養38-3","34.123949","134.456239","","","","","","","","","","","088-672−0102","指定緊急避難場所（法指定）","洪水,崖崩れ等,地震,大規模な火事,内水氾濫",""
"","板野西小学校体育館","板野町那東字泉ノ西4-9","34.135945","134.438048","","","","","","","","","","","088-672−0309","指定緊急避難場所（法指定）","洪水,崖崩れ等,地震,大規模な火事,内水氾濫",""
"","板野東小学校体育館","板野町吹田字町東2-1","34.147112","134.46458","","","","","","","","","","","088-672−0026","指定緊急避難場所（法指定）","洪水,崖崩れ等,地震,大規模な火事,内水氾濫",""
"","板野東小学校・幼稚園大坂分校体育館","板野町大坂字宮東20","34.17788","134.448189","","","","","","","","","","","088-672−4703","指定緊急避難場所（法指定）","洪水,崖崩れ等,地震,大規模な火事,内水氾濫",""
"","川端老人ルーム","板野町川端字原田33−1","34.148386","134.482117","","","","","","","","","","","","指定緊急避難場所（法指定）","洪水,崖崩れ等,地震,内水氾濫",""
"","板野町南公会堂","板野町下庄字神木59−1","34.123044","134.448837","","","","","","","","","","","088-672−2011","指定緊急避難場所（法指定）","洪水,崖崩れ等,地震,内水氾濫",""
"","板野町東公会堂","板野町大寺字亀山西31−1","34.145233","134.464667","","","","","","","","","","","088-672−2016","指定緊急避難場所（法指定）","洪水,崖崩れ等,地震,内水氾濫",""
"","日出家老人憩の家","板野町西中富字宮ノ本28−7","34.119119","134.464507","","","","","","","","","","","","指定緊急避難場所（法指定）","洪水,崖崩れ等,内水氾濫",""
"","西中富老人憩の家","板野町西中富字雁ケ坪35","34.126329","134.46505","","","","","","","","","","","","指定緊急避難場所（法指定）","洪水,崖崩れ等,内水氾濫",""
"","下庄老人憩の家","板野町下庄字栖養14−1","34.12364","134.453377","","","","","","","","","","","","指定緊急避難場所（法指定）","洪水,崖崩れ等,地震,内水氾濫",""
"","古城老人憩の家","板野町古城字南屋敷44−1","34.131829","134.449768","","","","","","","","","","","","指定緊急避難場所（法指定）","洪水,崖崩れ等,内水氾濫",""
"","矢武老人憩の家","板野町矢武字鏡松3","34.125519","134.435618","","","","","","","","","","","","指定緊急避難場所（法指定）","洪水,崖崩れ等,内水氾濫",""
"","黒谷老人憩の家","板野町黒谷字東原24−3","34.141225","134.431346","","","","","","","","","","","","指定緊急避難場所（法指定）","洪水,崖崩れ等,内水氾濫",""
"","羅漢老人憩の家","板野町羅漢字吉田15−2","34.134143","134.43286","","","","","","","","","","","","指定緊急避難場所（法指定）","洪水,崖崩れ等,内水氾濫",""
"","那東老人憩の家","板野町那東字道ブチ22−1","34.13821","134.438156","","","","","","","","","","","","指定緊急避難場所（法指定）","洪水,崖崩れ等,内水氾濫",""
"","犬伏老人憩の家","板野町犬伏字平山83","34.142459","134.450622","","","","","","","","","","","","指定緊急避難場所（法指定）","洪水,崖崩れ等,内水氾濫",""
"","新田老人憩の家","板野町川端字中手崎52−9","34.136589","134.471705","","","","","","","","","","","","指定緊急避難場所（法指定）","洪水,崖崩れ等,内水氾濫",""
"","岡ノ宮老人憩の家","板野町大寺字岡ノ前138−3","34.141913","134.459423","","","","","","","","","","","","指定緊急避難場所（法指定）","洪水,崖崩れ等,内水氾濫",""
"","高樹老人憩の家","板野町大寺字高樹14−6","34.130219","134.462543","","","","","","","","","","","","指定緊急避難場所（法指定）","洪水,崖崩れ等,内水氾濫",""
"","大寺老人憩の家","板野町大寺字平井 75−1","34.142464","134.467054","","","","","","","","","","","","指定緊急避難場所（法指定）","洪水,崖崩れ等,内水氾濫",""
"","川端老人憩の家（川端コミュニティセンター）","板野町川端字宮ノ西17−2","34.148751","134.478689","","","","","","","","","","","","指定緊急避難場所（法指定）","洪水,崖崩れ等,地震,大規模な火事,内水氾濫",""
"","吹田老人憩の家","板野町吹田字神木3−3","34.148484","134.460833","","","","","","","","","","","","指定緊急避難場所（法指定）","洪水,崖崩れ等,内水氾濫",""
"","福祉ホームリズム","藍住町矢上字安任56-5","34.1392906399944","134.502698728837","","","","","","","","","","","088-692-6699","指定緊急避難場所（法定外）","洪水,地震,津波,大規模な火事,内水氾濫",""
"","藍住町町民体育館","藍住町奥野字矢上前18-1","34.1259596281336","134.496124347218","","","","","","","","","","","088-692-1115","指定緊急避難場所（法指定）","洪水,地震,津波,内水氾濫",""
"","藍住西小学校","藍住町富吉字豊吉55-1","34.135273557156","134.484800542328","","","","","","","","","","","088-692-2436","指定緊急避難場所（法指定）","洪水,地震,津波,大規模な火事,内水氾濫",""
"","藍住南小学校","藍住町奥野字和田95","34.121489","134.490962","","","","","","","","","","","088-692-2238","指定緊急避難場所（法指定）","洪水,地震,津波,大規模な火事,内水氾濫",""
"","藍住北小学校","藍住町住吉字乾1","34.1327043210354","134.506219369385","","","","","","","","","","","088-692-2315","指定緊急避難場所（法指定）","洪水,地震,津波,大規模な火事,内水氾濫",""
"","藍住東小学校","藍住町勝瑞字成長155-1","34.1270991250187","134.516678058873","","","","","","","","","","","088-641-2222","指定緊急避難場所（法指定）","洪水,地震,津波,大規模な火事,内水氾濫",""
"","藍住東中学校","藍住町住吉字若宮49-1","34.1286621576435","134.51140379399","","","","","","","","","","","088-692-6520","指定緊急避難場所（法指定）","洪水,地震,津波,大規模な火事,内水氾濫",""
"","藍住中学校","藍住町奥野字矢上前18-1","34.1251403162441","134.497572926608","","","","","","","","","","","088-692-2505","指定緊急避難場所（法指定）","洪水,地震,津波,大規模な火事,内水氾濫",""
"","北島南老人憩の家","北島町鯛浜字川久保171","34.113456","134.55232","","","","","","","","","","","088-698-9802","指定緊急避難場所（法指定）","洪水",""
"","グリーンタウン防災施設","北島町新喜来字下竿1-16","34.13601","134.542346","","","","","","","","","","","088-698-9807","指定緊急避難場所（法指定）","洪水",""
"","北島町武道館","北島町江尻字柳池4-1","34.122516","134.545399","","","","","","","","","","","088-698-6277","指定緊急避難場所（法指定）","洪水,地震",""
"","北島町保健相談センター","北島町新喜来字南古田88-1","34.126701","134.546108","","","","","","","","","","","088-698-8909","指定緊急避難場所（法指定）","洪水,地震",""
"","図書館・創世ホール","北島町新喜来字南古田91","34.126058","134.546249","","","","","","","","","","","088-698-1100","指定緊急避難場所（法指定）","洪水,地震,津波",""
"","サンビレッジ北島","北島町中村字日開野51-5","34.129129","134.553464","","","","","","","","","","","088-683-2388","指定緊急避難場所（法指定）","洪水",""
"","サンライフ北島","北島町中村字川田9-1","34.125735","134.545996","","","","","","","","","","","088-698-7361","指定緊急避難場所（法指定）","洪水,地震",""
"","町民体育センター","北島町中村字中内11-1","34.128286","134.555114","","","","","","","","","","","088-698-8386","指定緊急避難場所（法指定）","洪水,地震",""
"","北島町総合庁舎（公民館）","北島町中村字上地23-1","34.125501","134.546834","","","","","","","","","","","088-698-9801","指定緊急避難場所（法指定）","洪水,地震,津波",""
"","北島町立保育所","北島町中村字竹ノ下23-1","34.12831","134.548922","","","","","","","","","","","088-698-3858","指定緊急避難場所（法指定）","洪水",""
"","北島中学校校舎","北島町高房字東野神本25-2","34.124305","134.545292","","","","","","","","","","","088-698-2580","指定緊急避難場所（法指定）","洪水,津波",""
"","北島南小学校校舎","北島町江尻字宮ノ本40-2","34.118796","134.543692","","","","","","","","","","","088-698-2680","指定緊急避難場所（法指定）","洪水,津波",""
"","北島北小学校校舎","北島町北村字壱町四反地20-1","34.13666","134.55285","","","","","","","","","","","088-698-2010","指定緊急避難場所（法指定）","洪水,津波",""
"","北島小学校　校舎","北島町中村字長池17-3","34.125156","134.549248","","","","","","","","","","","088-698-2250","指定緊急避難場所（法指定）","洪水,津波",""
"","(株)ハレルヤ本社工場","松茂町広島字北川向四ノ越30","34.140536","134.580537","","","","","","","","","","","088-699-7611","指定緊急避難場所（法指定）","洪水",""
"","ＪＡ大津・松茂長岸梨選果場","松茂町長岸87","34.145662","134.569426","","","","","","","","","","","-","指定緊急避難場所（法指定）","洪水",""
"","徳島県運転免許センター","松茂町満穂字満穂開拓1-1","34.138506","134.594406","","","","","","","","","","","088-699-0110","指定緊急避難場所（法指定）","洪水,津波",""
"","冨士ファニチア株式会社ショールーム","松茂町笹木野字八北開拓412","34.139844","134.5961","","","","","","","","","","","088-699-5004","指定緊急避難場所（法指定）","洪水,津波",""
"","なごみ","松茂町笹木野字八北開拓329-1","34.140902","134.594838","","","","","","","","","","","088-699-2098","指定緊急避難場所（法指定）","洪水,津波",""
"","吉野川育成園","松茂町笹木野字八北開拓236-1","34.141923","134.594563","","","","","","","","","","","088-699-2055","指定緊急避難場所（法指定）","洪水,津波",""
"","特別養護老人ホーム和光園","松茂町笹木野字山東49-1","34.124382","134.59522","","","","","","","","","","","088-699-2745","指定緊急避難場所（法指定）","洪水,津波",""
"","春叢園","松茂町広島字鍬ノ先23-1","34.13765","134.584481","","","","","","","","","","","088-699-5310","指定緊急避難場所（法指定）","洪水,津波",""
"","板野東部消防組合","北島町北村字大開11-1","34.134174","134.563108","","","","","","","","","","","088-698-0119","指定緊急避難場所（法指定）","洪水,津波",""
"","松茂町津波防災センター","松茂町豊岡字芦田鶴105-9","34.117127","134.598995","","","","","","","","","","","088-699-2111","指定緊急避難場所（法指定）","洪水,津波",""
"","松茂町第二体育館","松茂町中喜来字群恵225-4","34.142716","134.588896","","","","","","","","","","","088-699-8719","指定緊急避難場所（法指定）","洪水",""
"","松茂町総合体育館","松茂町中喜来字群恵225-3","34.142121","134.588399","","","","","","","","","","","088-699-8719","指定緊急避難場所（法指定）","洪水,津波",""
"","長原小学校","松茂町長原530","34.117467","134.60275","","","","","","","","","","","088-699-2750","指定緊急避難場所（法指定）","洪水",""
"","松茂中学校","松茂町笹木野字八山開拓186","34.12946","134.589989","","","","","","","","","","","088-699-2455","指定緊急避難場所（法指定）","洪水,津波",""
"","松茂小学校","松茂町住吉字住吉開拓187","34.131722","134.590057","","","","","","","","","","","088-699-2250","指定緊急避難場所（法指定）","洪水,津波",""
"","松茂町保健相談センター","松茂町広島字三番越2-2","34.136313","134.580932","","","","","","","","","","","088-683-4533","指定緊急避難場所（法指定）","洪水,津波",""
"","松茂町地域子育て支援センター","松茂町広島字三番越2-4","34.135971","134.58083","","","","","","","","","","","088-699-3116","指定緊急避難場所（法指定）","洪水,津波",""
"","松茂町老人福祉センター","松茂町広島字三番越2-2","34.1363707219928","134.581248500669","","","","","","","","","","","088-699-5352","指定緊急避難場所（法指定）","洪水,津波",""
"","松茂町総合会館","松茂町広島字東裏30","34.133889","134.580116","","","","","","","","","","","088-699-8719","指定緊急避難場所（法指定）","洪水,津波",""
"","喜来小学校","松茂町中喜来字前原西一番越14","34.142303","134.574178","","","","","","","","","","","088-699-2724","指定緊急避難場所（法指定）","洪水,津波",""
"","まぜのおか","浅川字西福良４３","33.62265","134.369299","","","","","","","","","","","","指定緊急避難場所（法指定）","洪水,高潮,崖崩れ等,地震,津波,大規模な火事,内水氾濫",""
"","深瀬集会所","海部郡美波町北河内字北分１５８","33.762094","134.524312","","","","","","","","","","","0884-77-1111","指定緊急避難場所（法定外）","洪水,高潮,崖崩れ等,地震,津波,大規模な火事,内水氾濫",""
"","美波町役場","海部郡美波町奧河内字本村１８-１","33.734614","134.535436","","","","","","","","","","","0884-77-1111","指定緊急避難場所（法定外）","洪水,高潮,崖崩れ等,地震,津波,大規模な火事,内水氾濫",""
"","山河内集会所","美波町山河内字なか10-1","33.716509","134.485462","","","","","","","","","","","0884-77-1111","指定緊急避難場所（法定外）","洪水,高潮,崖崩れ等,地震,津波,大規模な火事,内水氾濫",""
"","西河内集会所","海部郡美波町西河内字丹前１４","33.732203","134.512478","","","","","","","","","","","0884-77-1530","指定緊急避難場所（法定外）","洪水,高潮,崖崩れ等,地震,津波,大規模な火事,内水氾濫",""
"","日和佐公民館","海部郡美波町奧河内字寺前１５３-１","33.731094","134.533118","","","","","","","","","","","0884-77-0028","指定緊急避難場所（法定外）","洪水,高潮,崖崩れ等,地震,津波,大規模な火事,内水氾濫",""
"","井ノ上教育センター","海部郡美波町奧河内字井ノ上273","33.741843","134.537453","","","","","","","","","","","0884-77-1111","指定緊急避難場所（法定外）","洪水,高潮,崖崩れ等,地震,津波,大規模な火事,内水氾濫",""
"","井ノ上公会堂","美波町奥河内字井ノ上234-5","33.741628","134.536992","","","","","","","","","","","0884-77-0099","指定緊急避難場所（法定外）","洪水,高潮,崖崩れ等,地震,津波,大規模な火事,内水氾濫",""
"","北河内集会所","美波町北河内字本村240-1","33.745007","134.53729","","","","","","","","","","","0884-77-1111","指定緊急避難場所（法定外）","洪水,高潮,崖崩れ等,地震,津波,大規模な火事,内水氾濫",""
"","大戸集会所","美波町北河内字久望398-1","33.780092","134.54704","","","","","","","","","","","0884-77-0166","指定緊急避難場所（法定外）","洪水,高潮,崖崩れ等,地震,津波,大規模な火事,内水氾濫",""
"","赤松集会所","美波町赤松字阿地屋379-5","33.776163","134.498942","","","","","","","","","","","0884-79-3051","指定緊急避難場所（法定外）","洪水,高潮,崖崩れ等,地震,津波,大規模な火事,内水氾濫",""
"","基幹集落センター","美波町赤松字阿地屋48","33.77577","134.499764","","","","","","","","","","","0884-79-3054","指定緊急避難場所（法定外）","洪水,高潮,崖崩れ等,地震,津波,大規模な火事,内水氾濫",""
"","木岐白浜集落センター","美波町木岐191-2","33.760107","134.569467","","","","","","","","","","","0884-77-1111","指定緊急避難場所（法定外）","洪水,高潮,崖崩れ等,地震,大規模な火事,内水氾濫",""
"","木岐多目的集会所","美波町木岐696","33.767754","134.564306","","","","","","","","","","","0884-78-0193","指定緊急避難場所（法定外）","洪水,高潮,崖崩れ等,地震,大規模な火事,内水氾濫",""
"","木岐公民館","美波町木岐552-8","33.766849","134.571776","","","","","","","","","","","0884-78-1751","指定緊急避難場所（法定外）","洪水,高潮,崖崩れ等,地震,大規模な火事,内水氾濫",""
"","田井公民館","美波町田井710","33.77276","134.582287","","","","","","","","","","","0884-78-1944","指定緊急避難場所（法定外）","洪水,高潮,崖崩れ等,地震,大規模な火事,内水氾濫",""
"","由岐公民館","美波町西の地字西地50-1","33.774905","134.591057","","","","","","","","","","","0884-78-0007","指定緊急避難場所（法定外）","洪水,高潮,崖崩れ等,地震,大規模な火事,内水氾濫",""
"","東由岐公民館","美波町東由岐字大池101-1","33.773917","134.594534","","","","","","","","","","","0884-78-1616","指定緊急避難場所（法定外）","洪水,高潮,崖崩れ等,地震,大規模な火事,内水氾濫",""
"","志和岐公民館","美波町志和岐字田井ヶ浦","33.781369","134.608982","","","","","","","","","","","0884-77-1111","指定緊急避難場所（法定外）","洪水,高潮,崖崩れ等,地震,大規模な火事,内水氾濫",""
"","阿部公民館","海部郡美波町阿部２１４","33.790078","134.639393","","","","","","","","","","","0884-78-0671","指定緊急避難場所（法定外）","洪水,高潮,崖崩れ等,地震,大規模な火事,内水氾濫",""
"","交流促進施設（イザリcaf?)","海部郡美波町伊座利３０１-２","33.802633","134.669072","","","","","","","","","","","0884-78-1186","指定緊急避難場所（法定外）","洪水,高潮,崖崩れ等,地震,大規模な火事,内水氾濫",""
"","青少年旅行村キャンプ場管理棟","美波町伊座利字小伊座利341-44","33.801908","134.665626","","","","","","","","","","","0884-78-2022","指定緊急避難場所（法定外）","洪水,高潮,崖崩れ等,地震,津波,大規模な火事,内水氾濫",""
"","旧明神荘","美波町伊座利字小伊座利341-44","33.802225","134.665698","","","","","","","","","","","78-1223","指定緊急避難場所（法定外）","洪水,高潮,崖崩れ等,地震,津波,大規模な火事,内水氾濫",""
"","交流拠点施設（にぎわいの館）","海部郡美波町伊座利２２０","33.806201","134.669879","","","","","","","","","","","0884-77-1111　　　　　","指定緊急避難場所（法定外）","洪水,高潮,崖崩れ等,地震,津波,大規模な火事,内水氾濫",""
"","伊座利校","海部郡美波町伊座利２２１","33.805967","134.66957","","","","","","","","","","","0884-78-0673","指定緊急避難場所（法定外）","洪水,高潮,崖崩れ等,地震,津波,大規模な火事,内水氾濫",""
"","広野支所","神山町阿野字五反地295-1","34.026801","134.401406","","","","","","","","","","","088-678-1111","指定緊急避難場所（法指定）","洪水,崖崩れ等,地震,大規模な火事,内水氾濫",""
"","阿川公民館","神山町阿野字地ノ平138-1","34.005282","134.355696","","","","","","","","","","","088-678-0332","指定緊急避難場所（法指定）","洪水,崖崩れ等,地震,大規模な火事,内水氾濫",""
"","鬼籠野生活改善センター","神山町鬼籠野字川東118-1","33.989107660275","134.395462390227","","","","","","","","","","","088-676-0111","指定緊急避難場所（法指定）","洪水,崖崩れ等,地震,大規模な火事,内水氾濫",""
"","鬼籠野公民館","神山町鬼籠野字川東118-1","33.9890275984985","134.395277317794","","","","","","","","","","","088-676-0111","指定緊急避難場所（法指定）","洪水,崖崩れ等,地震,大規模な火事,内水氾濫",""
"","神山町農村環境改善センター","神山町神領字中津132","33.968163","134.361707","","","","","","","","","","","088-676-1177","指定緊急避難場所（法指定）","洪水,崖崩れ等,地震,大規模な火事,内水氾濫",""
"","神山町役場","神山町神領字本野間100","33.96727","134.35042","","","","","","","","","","","088-676-1111","指定緊急避難場所（法指定）","洪水,崖崩れ等,地震,大規模な火事,内水氾濫",""
"","下分公民館","神山町下分字今井125-3","33.960053","134.310943","","","","","","","","","","","088-677-0004","指定緊急避難場所（法指定）","洪水,崖崩れ等,地震,大規模な火事,内水氾濫",""
"","上分公民館","神山町上分字川又西13","33.958783","134.279376","","","","","","","","","","","088-677-0010","指定緊急避難場所（法指定）","洪水,崖崩れ等,地震,大規模な火事,内水氾濫",""
"","徳島市農協佐那河内支所高樋事務所","名東郡佐那河内村下字高樋５０−１","33.999797","134.473363","","","","","","","","","","","088-679-2218","指定緊急避難場所（法定外）","洪水,崖崩れ等,地震,大規模な火事",""
"","徳島市農協佐那河内支所嵯峨出張所","名東郡佐那河内村下字東内１１−３","33.98513","134.462008","","","","","","","","","","","088-679-2331","指定緊急避難場所（法定外）","洪水,崖崩れ等,地震,大規模な火事",""
"","徳島市農協佐那河内支所","名東郡佐那河内村下字中川原２１","33.992522","134.455807","","","","","","","","","","","088-679-2221","指定緊急避難場所（法定外）","洪水,崖崩れ等,地震,大規模な火事",""
"","健祥会ハイジ","名東郡佐那河内村上字大黒２３−１","33.992369","134.451635","","","","","","","","","","","088-679-3380","指定緊急避難場所（法定外）","洪水,崖崩れ等,地震,大規模な火事",""
"","中央運動公園","名東郡佐那河内村上字南浦21-1外","33.987259","134.454924","","","","","","","","","","","088-674-2855","指定緊急避難場所（法定外）","洪水,崖崩れ等,地震,大規模な火事",""
"","西ノハナ運動施設","名東郡佐那河内村下字西ノハナ２７","33.994185","134.458365","","","","","","","","","","","088-679-2565","指定緊急避難場所（法定外）","洪水,崖崩れ等,地震,大規模な火事",""
"","佐那河内小中学校","名東郡佐那河内村下字中川原３０","33.992548","134.455233","","","","","","","","","","","088-679-2611","指定緊急避難場所（法定外）","洪水,崖崩れ等,地震,大規模な火事",""
"","農業総合振興センター","名東郡佐那河内村下字中辺７１−１","33.993165","134.452942","","","","","","","","","","","088-679-2304","指定緊急避難場所（法指定）","洪水,崖崩れ等,地震,大規模な火事",""
"","桜集会所","名東郡佐那河内村上字仁井田１６６−１","33.985612","134.420733","","","","","","","","","","","088-679-2081","指定緊急避難場所（法定外）","洪水,崖崩れ等,地震,大規模な火事",""
"","宮前公民館","名東郡佐那河内村上字幸田１７０−１","33.991196","134.437215","","","","","","","","","","","088-679-2140","指定緊急避難場所（法定外）","洪水,崖崩れ等,地震,大規模な火事",""
"","嵯峨生活改善センター","名東郡佐那河内村下字宮本１","33.9831846842956","134.457946094404","","","","","","","","","","","088-679-2588","指定緊急避難場所（法定外）","洪水,崖崩れ等,地震,大規模な火事",""
"","嵯峨老人憩いの家","名東郡佐那河内村下字下田１１−１","33.988756","134.467996","","","","","","","","","","","088-679-2141","指定緊急避難場所（法定外）","洪水,崖崩れ等,地震,大規模な火事",""
"","寺谷生活改善センター","名東郡佐那河内村下字寺谷１０２","34.000907","134.488522","","","","","","","","","","","","指定緊急避難場所（法定外）","洪水,崖崩れ等,地震,大規模な火事",""
"","保健センター","名東郡佐那河内村下字高樋４６−１","33.999672","134.473939","","","","","","","","","","","088-679-2071","指定緊急避難場所（法定外）","洪水,崖崩れ等,地震,大規模な火事",""
"","立川集会所","勝浦町大字棚野字口立川４-１","33.921824","134.483817","","","","","","","","","","","050-3438-9969","指定緊急避難場所（法指定）","洪水,地震",""
"","坂本八幡神社","勝浦町大字坂本字宮平２","33.936052","134.4521","","","","","","","","","","","0885-42-2511","指定緊急避難場所（法指定）","洪水,地震",""
"","三崎集会所","勝浦町大字坂本上寺７６−４","33.933711","134.454653","","","","","","","","","","","0885-42-2511","指定緊急避難場所（法指定）","洪水,地震",""
"","坂本集会所","勝浦町大字坂本字宮平１番地１","33.936248","134.452572","","","","","","","","","","","050-3438-8431","指定緊急避難場所（法指定）","洪水,地震",""
"","市の江集会所","勝浦町大字三溪小川１４２−１","33.932372","134.484607","","","","","","","","","","","050-3438-7165","指定緊急避難場所（法指定）","洪水,地震",""
"","与川内集会所","勝浦町大字三溪字宮平１０１","33.938803","134.476744","","","","","","","","","","","050-3438-9172","指定緊急避難場所（法指定）","洪水,地震",""
"","中山集会所","勝浦町大字三溪字三月田３-１","33.933596","134.49774","","","","","","","","","","","050-3438-9868","指定緊急避難場所（法指定）","洪水,地震",""
"","徳島医療福祉専門学校体育館","勝浦町大字三溪字平１２８番地１","33.93453","134.498835","","","","","","","","","","","0885-42-4810","指定緊急避難場所（法指定）","洪水,地震",""
"","妙音寺","勝浦町大字三溪字上羽瀬３９","33.939194","134.501388","","","","","","","","","","","0885-42-2397","指定緊急避難場所（法指定）","洪水,地震",""
"","勝浦町民体育館","勝浦町大字三溪字古川１番地１","33.93291","134.485821","","","","","","","","","","","0885-42-3671","指定緊急避難場所（法指定）","洪水,地震",""
"","横瀬集会所","勝浦町大字三溪字中村１６４-１","33.929061","134.494668","","","","","","","","","","","050-3438-8430","指定緊急避難場所（法指定）","洪水,地震",""
"","横瀬小学校体育館","勝浦町大字三溪字上川原２２","33.9303595871064","134.494223785389","","","","","","","","","","","0885-42-2009","指定緊急避難場所（法指定）","洪水,地震",""
"","横瀬小学校","勝浦町大字三溪字上川原２２","33.9304775371144","134.493370842932","","","","","","","","","","","0885-42-2009","指定緊急避難場所（法指定）","洪水,地震",""
"","東とくしま農業協同組合勝浦支所","勝浦町大字三溪字下川原１９番地１","33.929928","134.49685","","","","","","","","","","","0885-42-2521","指定緊急避難場所（法指定）","洪水,地震",""
"","円城寺","勝浦町大字棚野字畑田１５","33.929634","134.502922","","","","","","","","","","","0885-42-2099","指定緊急避難場所（法指定）","洪水,地震",""
"","棚野集会所","勝浦町大字棚野字西久保１９-５","33.931148","134.500176","","","","","","","","","","","050-3438-9778","指定緊急避難場所（法指定）","洪水,地震",""
"","久国集会所","勝浦町大字久国字松ノ本１７","33.930765","134.510722","","","","","","","","","","","050-3438-8799","指定緊急避難場所（法指定）","洪水,地震",""
"","住民福祉センター","勝浦町大字久国字久保田３","33.931406","134.511023","","","","","","","","","","","0885-42-8457","指定緊急避難場所（法指定）","洪水,地震",""
"","神宮寺","勝浦町大字星谷字宮原５０番地１","33.939337","134.521258","","","","","","","","","","","0885-42-3880","指定緊急避難場所（法指定）","洪水,地震",""
"","大宮神社","勝浦町大字星谷字宮原６６","33.939488","134.521676","","","","","","","","","","","0885-42-3182","指定緊急避難場所（法指定）","洪水,地震",""
"","星谷集会所","勝浦町大字星谷字宮原５７-２","33.937993","134.522181","","","","","","","","","","","050-3438-7770","指定緊急避難場所（法指定）","洪水,地震",""
"","生名センター（観正寺）","勝浦町大字生名字平野２８","33.92679","134.51294","","","","","","","","","","","0885-42-2511","指定緊急避難場所（法指定）","洪水,地震",""
"","生名コミュニティセンター","勝浦町大字生名字北１-３","33.929367","134.518061","","","","","","","","","","","050-3438-8763","指定緊急避難場所（法指定）","洪水,地震",""
"","中角集会所","勝浦町大字中角字研谷３１","33.934982","134.530495","","","","","","","","","","","0885-42-3156","指定緊急避難場所（法指定）","洪水,地震",""
"","教育集会所","勝浦町大字沼江字猿滝５８番地１","33.9418243441229","134.528717157063","","","","","","","","","","","0885-42-2007","指定緊急避難場所（法指定）","洪水,地震",""
"","慈林寺","勝浦町大字沼江字山路１８４","33.949453","134.543182","","","","","","","","","","","0885-42-2912","指定緊急避難場所（法指定）","洪水,地震",""
"","今宮神社","勝浦町大字沼江字山路１９１","33.950266","134.545012","","","","","","","","","","","0885-42-2511","指定緊急避難場所（法指定）","洪水,地震",""
"","かつうら国土と未来振興協会事務所","勝浦町大字沼江字西岡２９-１","33.943574","134.542265","","","","","","","","","","","0885-42-2531","指定緊急避難場所（法指定）","洪水,地震",""
"","山西集会所","勝浦町大字沼江字西岡２１-３","33.943243","134.542782","","","","","","","","","","","050-3438-8559","指定緊急避難場所（法指定）","洪水,地震",""
"","善入寺","勝浦町大字沼江字寺ノ岡５","33.943268","134.550733","","","","","","","","","","","0885-42-2885","指定緊急避難場所（法指定）","洪水,地震",""
"","掛谷集会所","勝浦町大字沼江字田中５９","33.94838","134.55441","","","","","","","","","","","050-3438-9643","指定緊急避難場所（法指定）","洪水,地震",""
"","胎蔵寺","勝浦町大字沼江字一楽４０","33.948654","134.558202","","","","","","","","","","","0885-42-3545","指定緊急避難場所（法指定）","洪水,地震",""
"","沼江コミュニティセンター","勝浦町大字沼江字一楽３６-２","33.948736","134.557929","","","","","","","","","","","050-3438-9556","指定緊急避難場所（法指定）","洪水,地震",""
"","石原集会所","勝浦町大字沼江字神谷126","33.954107","134.558954","","","","","","","","","","","050-3438-8073","指定緊急避難場所（法指定）","洪水,地震",""
"","高野地区多目的集会所","三好市東祖谷高野24-2","33.887671","133.863389","","","","","","","","","","","","指定緊急避難場所（法指定）","洪水,崖崩れ等",""
"","三好市公民館釣井分館","三好市東祖谷井103","33.866648","133.865536","","","","","","","","","","","","指定緊急避難場所（法指定）","洪水,崖崩れ等",""
"","小島地区老人憩いの家","三好市東祖谷小島297-2","33.886619","133.872275","","","","","","","","","","","","指定緊急避難場所（法指定）","洪水",""
"","佐野地区多目的集会所","三好市東祖谷小島104","33.891326","133.881976","","","","","","","","","","","","指定緊急避難場所（法指定）","洪水",""
"","三好市公民館和田分館","三好市東祖谷和田106-1","33.871271","133.874461","","","","","","","","","","","","指定緊急避難場所（法指定）","洪水",""
"","西祖谷消防団第六分団詰所","三好市西祖谷山村小祖谷","33.935815","133.892331","","","","","","","","","","","0883-75-2070","指定緊急避難場所（法指定）","洪水,崖崩れ等",""
"","有瀬集会所","三好市西祖谷山村有瀬１","33.83971","133.801699","","","","","","","","","","","　　　　　−","指定緊急避難場所（法指定）","洪水,崖崩れ等,地震",""
"","有瀬地域多目的施設（旧有瀬小学校）","三好市西祖谷山村有瀬４１４","33.838974","133.797351","","","","","","","","","","","　　　　　−","指定緊急避難場所（法指定）","洪水,崖崩れ等,地震",""
"","吾橋集会所","三好市西祖谷山村吾橋１５−４","33.87019","133.79003","","","","","","","","","","","　　　　　−","指定緊急避難場所（法指定）","洪水,地震",""
"","吾橋小学校・体育館","三好市西祖谷山村吾橋３０３","33.866313","133.786835","","","","","","","","","","","0883-84-2533","指定緊急避難場所（法指定）","洪水,崖崩れ等,地震",""
"","西祖谷中学校（旧西岡小学校）","三好市西祖谷山村東西岡１０","33.88191","133.778515","","","","","","","","","","","0883-84-1334","指定緊急避難場所（法指定）","洪水,崖崩れ等,地震",""
"","善徳第二分団詰所","三好市西祖谷山村善徳８７−４","33.876494","133.829861","","","","","","","","","","","　　　　　−","指定緊急避難場所（法指定）","洪水,崖崩れ等,地震",""
"","今久保活性化センターかずら橋イベント広場","三好市西祖谷山村今久保３４５−１","33.874028","133.833333","","","","","","","","","","","　　　　　−","指定緊急避難場所（法指定）","洪水,崖崩れ等,地震",""
"","善徳地域多目的施設（旧善徳小学校）","三好市西祖谷山村善徳３６２","33.882298","133.838861","","","","","","","","","","","0883-87-2321","指定緊急避難場所（法指定）","洪水,崖崩れ等,地震",""
"","老人福祉センター","三好市西祖谷山村一宇３４３−４","33.893083","133.816667","","","","","","","","","","","0883-87-2088","指定緊急避難場所（法指定）","洪水,崖崩れ等,地震",""
"","檪生小学校・体育館","三好市西祖谷山村一宇２６２−１","33.893139","133.815553","","","","","","","","","","","0883-87-2386","指定緊急避難場所（法指定）","洪水,崖崩れ等,地震",""
"","西祖谷総合支所","三好市西祖谷山村一宇３４３−１","33.892958","133.817029","","","","","","","","","","","0883-87-2111","指定緊急避難場所（法指定）","洪水,崖崩れ等",""
"","栃之瀬地域多目的施設（旧栃之瀬小学校・体育館）","三好市東祖谷山村新居屋７３","33.855528","133.893056","","","","","","","","","","","0883-88-5123","指定緊急避難場所（法指定）","洪水,崖崩れ等,地震",""
"","名頃集会所","三好市東祖谷山村菅生６２９−５","33.854861","134.020556","","","","","","","","","","","　　　　　−","指定緊急避難場所（法指定）","洪水",""
"","名頃地域多目的施設（旧名頃小学校）","三好市東祖谷山村菅生６４０−８","33.854861","134.019722","","","","","","","","","","","0883-88-2821","指定緊急避難場所（法指定）","洪水,崖崩れ等",""
"","菅生地域多目的施設（旧菅生小学校体育館）","三好市東祖谷山村菅生１６２−１","33.873368","133.987556","","","","","","","","","","","0883-88-2368","指定緊急避難場所（法指定）","洪水,崖崩れ等",""
"","いやしの温泉郷","三好市東祖谷山村菅生２８","33.868833","133.978942","","","","","","","","","","","0883-88-2975","指定緊急避難場所（法指定）","洪水,崖崩れ等,地震",""
"","落合地域多目的施設（旧落合小学校）","三好市東祖谷山村落合４０３","33.877917","133.938056","","","","","","","","","","","0883-88-2715","指定緊急避難場所（法指定）","洪水",""
"","落合公民館","三好市東祖谷山村落合８６−２","33.880139","133.933056","","","","","","","","","","","　　　　　−","指定緊急避難場所（法指定）","洪水,地震",""
"","東祖谷中学校","三好市東祖谷山村下瀬１２−１","33.875214","133.921229","","","","","","","","","","","0883-88-2216","指定緊急避難場所（法指定）","洪水,地震",""
"","祖谷の歴史館ホール","三好市東祖谷山村京上１４−３","33.868176","133.906376","","","","","","","","","","","0883-88-2286","指定緊急避難場所（法指定）","洪水,崖崩れ等,地震",""
"","下名影集会所","三好市山城町下名","33.856543","133.770799","","","","","","","","","","","　　　　　−","指定緊急避難場所（法指定）","洪水,崖崩れ等",""
"","日浦集会所","三好市山城町下名日浦","33.862988","133.763569","","","","","","","","","","","　　　　　−","指定緊急避難場所（法指定）","洪水,崖崩れ等",""
"","三名農村環境改善センター","三好市山城町下名１００５−３","33.870932","133.772764","","","","","","","","","","","　　　　　−","指定緊急避難場所（法指定）","洪水,地震",""
"","平上集会所","三好市山城町平上","33.876321","133.721684","","","","","","","","","","","　　　　　−","指定緊急避難場所（法指定）","洪水",""
"","羽瀬集会所","三好市山城町羽瀬","33.869416","133.726091","","","","","","","","","","","　　　　　−","指定緊急避難場所（法指定）","洪水,崖崩れ等",""
"","平中集会所","三好市山城町上名","33.877743","133.729198","","","","","","","","","","","　　　　　−","指定緊急避難場所（法指定）","洪水,崖崩れ等",""
"","上名小学校体育館","三好市山城町上名２３６−３","33.875449","133.730082","","","","","","","","","","","0883-84-1203","指定緊急避難場所（法指定）","洪水,地震",""
"","上名影集会所","三好市山城町上名","33.878681","133.740284","","","","","","","","","","","　　　　　−","指定緊急避難場所（法指定）","洪水",""
"","内六集会所","三好市山城町上名","33.879056","133.754344","","","","","","","","","","","　　　　　−","指定緊急避難場所（法指定）","洪水",""
"","水無集会所","三好市山城町西宇水無","33.884143","133.755593","","","","","","","","","","","　　　　　−","指定緊急避難場所（法指定）","洪水,崖崩れ等",""
"","粟山地区集会所","三好市山城町粟山３３３−２","33.905325","133.711119","","","","","","","","","","","　　　　　−","指定緊急避難場所（法指定）","洪水,崖崩れ等",""
"","西宇分館（多目的共同利用施設）","三好市山城町西宇１９１９−１","33.913233","133.758041","","","","","","","","","","","　　　　　−","指定緊急避難場所（法指定）","洪水",""
"","西宇地域多目的施設　体育館","三好市山城町西宇１２２６−３","33.913379","133.758349","","","","","","","","","","","0883-84-1150","指定緊急避難場所（法指定）","洪水,崖崩れ等,地震",""
"","峯集会所","三好市山城町西宇峯","33.915448","133.745574","","","","","","","","","","","　　　　　−","指定緊急避難場所（法指定）","洪水",""
"","大津集会所","三好市山城町大津","33.926267","133.759839","","","","","","","","","","","　　　　　−","指定緊急避難場所（法指定）","洪水,崖崩れ等",""
"","平野地域多目的施設（旧平野小学校）","三好市山城町平野５５","33.941591","133.694669","","","","","","","","","","","0883-86-2812","指定緊急避難場所（法指定）","洪水,崖崩れ等,地震",""
"","尾又集会所","三好市山城町尾又","33.927208","133.698484","","","","","","","","","","","　　　　　−","指定緊急避難場所（法指定）","洪水",""
"","中野集会所","三好市山城町中野","33.941772","133.738211","","","","","","","","","","","　　　　　−","指定緊急避難場所（法指定）","洪水",""
"","重実集会所","三好市山城町重実","33.943729","133.755061","","","","","","","","","","","　　　　　−","指定緊急避難場所（法指定）","洪水",""
"","国政公会堂","三好市山城町国政４７","33.953442","133.763171","","","","","","","","","","","　　　　　−","指定緊急避難場所（法指定）","洪水,崖崩れ等",""
"","末貞集会所","三好市山城町末貞６３","33.955578","133.75418","","","","","","","","","","","　　　　　−","指定緊急避難場所（法指定）","洪水",""
"","茂地集会所","三好市山城町茂地","33.965394","133.692077","","","","","","","","","","","　　　　　−","指定緊急避難場所（法指定）","洪水,崖崩れ等",""
"","佐連交流館","三好市山城町佐連","33.975352","133.695923","","","","","","","","","","","　　　　　−","指定緊急避難場所（法指定）","洪水,崖崩れ等",""
"","小川谷集会所","三好市山城町小川谷","33.964993","133.701658","","","","","","","","","","","　　　　　−","指定緊急避難場所（法指定）","洪水",""
"","大野集会所","三好市山城町大野","33.96507","133.715242","","","","","","","","","","","　　　　　−","指定緊急避難場所（法指定）","洪水,崖崩れ等",""
"","三好市大野体育館","三好市山城町大野","33.965745","133.714858","","","","","","","","","","","　　　　　−","指定緊急避難場所（法指定）","洪水,崖崩れ等",""
"","大月集会所","三好市山城町大月","33.967787","133.712878","","","","","","","","","","","　　　　　−","指定緊急避難場所（法指定）","洪水,崖崩れ等",""
"","黒川集会所","三好市山城町黒川","33.956404","133.728114","","","","","","","","","","","　　　　　−","指定緊急避難場所（法指定）","洪水,崖崩れ等",""
"","柴川集会所","三好市山城町柴川１０１８","33.977573","133.728158","","","","","","","","","","","　　　　　−","指定緊急避難場所（法指定）","洪水,崖崩れ等",""
"","恵泉館","三好市山城町政友６５−２","33.972251","133.735179","","","","","","","","","","","　　　　　−","指定緊急避難場所（法指定）","洪水,崖崩れ等",""
"","相川集会所","三好市山城町相川","33.978419","133.744549","","","","","","","","","","","　　　　　−","指定緊急避難場所（法指定）","洪水",""
"","寺野集会所","三好市山城町寺野","33.973613","133.748723","","","","","","","","","","","　　　　　−","指定緊急避難場所（法指定）","洪水",""
"","山城小学校体育館","三好市山城町大川持３０−２","33.965554","133.754237","","","","","","","","","","","　　　　　−","指定緊急避難場所（法指定）","洪水,地震",""
"","下川コミュニティセンター","三好市山城町下川５１５−１","33.971839","133.779695","","","","","","","","","","","　　　　　−","指定緊急避難場所（法指定）","洪水",""
"","若山集会所","三好市山城町若山","33.986846","133.780782","","","","","","","","","","","　　　　　−","指定緊急避難場所（法指定）","洪水,崖崩れ等",""
"","河内分館","三好市山城町光兼４９０","33.931049","133.721808","","","","","","","","","","","0883-86-1156","指定緊急避難場所（法指定）","洪水,崖崩れ等,地震",""
"","山城公民館","三好市山城町大川持５４４","33.960302","133.74829","","","","","","","","","","","0883-86-1135","指定緊急避難場所（法指定）","洪水,地震",""
"","山城総合支所・山村開発センター","三好市山城町大川持５１８−９","33.960449","133.753032","","","","","","","","","","","0883-86-1150","指定緊急避難場所（法指定）","洪水",""
"","大和小学校体育館","三好市山城町大和川２１４−１","33.990242","133.765363","","","","","","","","","","","0883-86-1276","指定緊急避難場所（法指定）","洪水,崖崩れ等,地震",""
"","大野分館","三好市山城町大野５１３","33.965541","133.713594","","","","","","","","","","","　　　　　−","指定緊急避難場所（法指定）","洪水",""
"","川口会館","三好市山城町末貞","33.959255","133.755301","","","","","","","","","","","　　　　　−","指定緊急避難場所（法指定）","洪水,崖崩れ等,地震",""
"","馬瓶集会所","三好市三野町太刀野山２９７３","34.083965","133.914565","","","","","","","","","","","　　　　　−","指定緊急避難場所（法指定）","洪水,崖崩れ等,地震",""
"","井ノ久保集会所","三好市三野町太刀野山２７６−２","34.091387","133.917262","","","","","","","","","","","　　　　　−","指定緊急避難場所（法指定）","洪水,地震",""
"","田野々集会所","三好市三野町太刀野山３４１５−１","34.071371","133.930268","","","","","","","","","","","　　　　　−","指定緊急避難場所（法指定）","洪水,地震",""
"","中屋集会所","三好市三野町太刀野山１７７４","34.081941","133.936336","","","","","","","","","","","　　　　　−","指定緊急避難場所（法指定）","洪水,崖崩れ等",""
"","太刀野山地域多目的施設（旧太刀野山小学校）","三好市三野町太刀野山３７０６","34.07171","133.939224","","","","","","","","","","","　　　　　−","指定緊急避難場所（法指定）","洪水,崖崩れ等",""
"","東谷地域多目的施設(旧東谷小学校）","三好市三野町太刀野山５５８","34.064819","133.970834","","","","","","","","","","","　　　　　−","指定緊急避難場所（法指定）","洪水,崖崩れ等,地震",""
"","花園集会所","三好市三野町太刀野山６１","34.050633","133.959754","","","","","","","","","","","　　　　　−","指定緊急避難場所（法指定）","洪水,崖崩れ等,地震",""
"","太刀野原集会所","三好市三野町太刀野１７９９−５","34.050223","133.937451","","","","","","","","","","","　　　　　−","指定緊急避難場所（法指定）","洪水,地震",""
"","芝生小学校太刀野分校","三好市三野町太刀野９７０","34.048055","133.953273","","","","","","","","","","","　　　　　−","指定緊急避難場所（法指定）","洪水,崖崩れ等",""
"","東川原集会所","三好市三野町太刀野７−１","34.043748","133.964022","","","","","","","","","","","　　　　　−","指定緊急避難場所（法指定）","洪水,崖崩れ等",""
"","芝生西集会所","三好市三野町芝生１２４３−１９","34.042594","133.966116","","","","","","","","","","","　　　　　−","指定緊急避難場所（法指定）","洪水,崖崩れ等,地震",""
"","芝生仲町西町集会所","三好市三野町芝生１０６４−１","34.041918","133.968497","","","","","","","","","","","　　　　　−","指定緊急避難場所（法指定）","洪水,崖崩れ等,地震",""
"","栄住館","三好市三野町芝生１２７０−７０","34.044981","133.965955","","","","","","","","","","","　　　　　−","指定緊急避難場所（法指定）","洪水,崖崩れ等",""
"","東部公会堂","三好市三野町芝生１２９８−３６","34.048768","133.964979","","","","","","","","","","","　　　　　−","指定緊急避難場所（法指定）","洪水,崖崩れ等",""
"","芝生中筋西集会所","三好市三野町芝生８９３−２","34.045136","133.969036","","","","","","","","","","","　　　　　−","指定緊急避難場所（法指定）","洪水,崖崩れ等,地震",""
"","芝生中東集会所","三好市三野町芝生９６２","34.04404","133.970593","","","","","","","","","","","　　　　　−","指定緊急避難場所（法指定）","洪水,崖崩れ等,地震",""
"","芝生上集会所","三好市三野町芝生５２７","34.046593","133.970427","","","","","","","","","","","　　　　　−","指定緊急避難場所（法指定）","洪水,崖崩れ等,地震",""
"","芝生門所集会所","三好市三野町芝生３７１","34.047066","133.974726","","","","","","","","","","","　　　　　−","指定緊急避難場所（法指定）","洪水,崖崩れ等,地震",""
"","勢力会館","三好市三野町勢力３７７１","34.048853","133.980034","","","","","","","","","","","　　　　　−","指定緊急避難場所（法指定）","洪水,崖崩れ等",""
"","加茂野宮集会所","三好市三野町加茂野宮８１２","34.049447","133.98599","","","","","","","","","","","　　　　　−","指定緊急避難場所（法指定）","洪水,崖崩れ等,地震",""
"","清水上野集会所","三好市三野町清水１４９０−１","34.056147","134.000129","","","","","","","","","","","　　　　　−","指定緊急避難場所（法指定）","洪水,崖崩れ等,地震",""
"","清水集会所","三好市三野町清水９４５−２","34.049736","133.996367","","","","","","","","","","","　　　　　−","指定緊急避難場所（法指定）","洪水,崖崩れ等",""
"","三野公民館","三好市三野町芝生１０２８−３","34.042068","133.971291","","","","","","","","","","","0883-77-2248","指定緊急避難場所（法指定）","洪水,崖崩れ等",""
"","桜分館","三好市井川町井内東１０７１","33.987179","133.894016","","","","","","","","","","","　　　　　−","指定緊急避難場所（法指定）","洪水,崖崩れ等",""
"","知行多目的集会施設","三好市井川町溜渕２５４","33.984958","133.883833","","","","","","","","","","","　　　　　−","指定緊急避難場所（法指定）","洪水,崖崩れ等",""
"","平集会所","三好市井川町井内東５１３","33.987228","133.88554","","","","","","","","","","","　　　　　−","指定緊急避難場所（法指定）","洪水",""
"","荒倉集会所","三好市井川町井内西１０５","33.98422","133.878551","","","","","","","","","","","　　　　　−","指定緊急避難場所（法指定）","洪水,崖崩れ等",""
"","宮奧分館","三好市井川町井内東１３−１","33.988639","133.882222","","","","","","","","","","","　　　　　−","指定緊急避難場所（法指定）","洪水",""
"","向集会所","三好市井川町井内東２４２５−２","33.994887","133.880409","","","","","","","","","","","　　　　　−","指定緊急避難場所（法指定）","洪水",""
"","鞍石集会所","三好市井川町井内東２６２０","33.996289","133.882602","","","","","","","","","","","　　　　　−","指定緊急避難場所（法指定）","洪水,崖崩れ等",""
"","メイト文化村","三好市井川町井内東４１４３","33.999639","133.893306","","","","","","","","","","","　　　　　−","指定緊急避難場所（法指定）","洪水,崖崩れ等",""
"","大久保集会所","三好市井川町井内東４０２４","33.999789","133.89089","","","","","","","","","","","　　　　　−","指定緊急避難場所（法指定）","洪水",""
"","東分館","三好市井川町井内東３３１８","33.998819","133.886892","","","","","","","","","","","　　　　　−","指定緊急避難場所（法指定）","洪水,崖崩れ等",""
"","高齢者コミュニティセンター野住の家","三好市井川町井内西２４５３","33.988481","133.860041","","","","","","","","","","","　　　　　−","指定緊急避難場所（法指定）","洪水",""
"","下影集会所","三好市井川町井内西１５８７","33.989111","133.874494","","","","","","","","","","","　　　　　−","指定緊急避難場所（法指定）","洪水,崖崩れ等",""
"","色原集会所","三好市井川町井内西４２２０−２","33.993438","133.870541","","","","","","","","","","","　　　　　−","指定緊急避難場所（法指定）","洪水",""
"","上西集会所","三好市井川町井内西３８２３","33.995451","133.868203","","","","","","","","","","","　　　　　−","指定緊急避難場所（法指定）","洪水,崖崩れ等",""
"","西ノ浦中央集会所","三好市井川町井内西３６７９","33.998531","133.871347","","","","","","","","","","","　　　　　−","指定緊急避難場所（法指定）","洪水",""
"","西ノ浦分館","三好市井川町井内西４５０１","33.997626","133.872546","","","","","","","","","","","　　　　　−","指定緊急避難場所（法指定）","洪水",""
"","井内坊集会所","三好市井川町井内西５０９３","33.994819","133.877","","","","","","","","","","","　　　　　−","指定緊急避難場所（法指定）","洪水",""
"","中津集会所","三好市井川町井内西４９７７","33.996817","133.877035","","","","","","","","","","","　　　　　−","指定緊急避難場所（法指定）","洪水",""
"","農産物加工開発センター","三好市井川町井内西５００７−２","33.997363","133.879594","","","","","","","","","","","　　　　　−","指定緊急避難場所（法指定）","洪水,崖崩れ等,地震",""
"","井川基幹集落センター","三好市井川町井内西５１８８−９","33.997863","133.879867","","","","","","","","","","","　　　　　−","指定緊急避難場所（法指定）","洪水,崖崩れ等",""
"","井内小学校体育館","三好市井川町井内西４８９６","33.998444","133.879607","","","","","","","","","","","0883-78-2084","指定緊急避難場所（法指定）","洪水,崖崩れ等,地震",""
"","吉木集会所","三好市井川町井内西４８３４−１","33.99985","133.879781","","","","","","","","","","","　　　　　−","指定緊急避難場所（法指定）","洪水",""
"","三樫尾集会所","三好市井川町石神７６１０","34.012467","133.865539","","","","","","","","","","","　　　　　−","指定緊急避難場所（法指定）","洪水",""
"","段地多目的集会施設","三好市井川町井内西５８０２","34.007021","133.87637","","","","","","","","","","","　　　　　−","指定緊急避難場所（法指定）","洪水",""
"","杉ノ木分館","三好市井川町井内西５２５７−２","34.006952","133.882378","","","","","","","","","","","　　　　　−","指定緊急避難場所（法指定）","洪水",""
"","大正分館","三好市井川町井内東４８３６","34.007616","133.890746","","","","","","","","","","","　　　　　−","指定緊急避難場所（法指定）","洪水",""
"","安田分館","三好市井川町井内西６８３４−３","34.015613","133.873281","","","","","","","","","","","　　　　　−","指定緊急避難場所（法指定）","洪水,崖崩れ等",""
"","浪内集会所","三好市井川町井内西６８７９−１","34.015244","133.875437","","","","","","","","","","","　　　　　−","指定緊急避難場所（法指定）","洪水,崖崩れ等,地震",""
"","馬路集会所","三好市井川町井内東３０４５−２","34.002697","133.883357","","","","","","","","","","","　　　　　−","指定緊急避難場所（法指定）","洪水",""
"","吹分館","三好市井川町井内東５７６７","34.016526","133.884007","","","","","","","","","","","　　　　　−","指定緊急避難場所（法指定）","洪水",""
"","馬場集会所","三好市井川町井内東２２","33.990074","133.880269","","","","","","","","","","","　　　　　−","指定緊急避難場所（法指定）","洪水",""
"","吹集会所","三好市井川町井内東６０２４","34.01783","133.880579","","","","","","","","","","","　　　　　−","指定緊急避難場所（法指定）","洪水,崖崩れ等,地震",""
"","向坂集会所","三好市井川町向坂４６−１","34.024883","133.87929","","","","","","","","","","","　　　　　−","指定緊急避難場所（法指定）","洪水",""
"","旭分館","三好市井川町才長谷３７−１","34.032831","133.889019","","","","","","","","","","","　　　　　−","指定緊急避難場所（法指定）","洪水,崖崩れ等",""
"","子安集会所","三好市井川町片山１６１−１","34.029976","133.883952","","","","","","","","","","","　　　　　−","指定緊急避難場所（法指定）","洪水,崖崩れ等",""
"","辻集会所","三好市井川町辻３１６−２","34.027879","133.880335","","","","","","","","","","","　　　　　−","指定緊急避難場所（法指定）","洪水,崖崩れ等",""
"","三好市井川公民館","三好市井川町辻７３","34.028674","133.879563","","","","","","","","","","","　　　　　−","指定緊急避難場所（法指定）","洪水,崖崩れ等",""
"","老人福祉センター","三好市井川町辻１００−２","34.028972","133.878891","","","","","","","","","","","0883-78-3140","指定緊急避難場所（法指定）","洪水,崖崩れ等",""
"","ふるさと交流センター","三好市井川町岡の前６４","34.027954","133.876882","","","","","","","","","","","0883-78-4311","指定緊急避難場所（法指定）","洪水,地震",""
"","井関集会所","三好市井川町井関１２１","34.024203","133.877955","","","","","","","","","","","　　　　　−","指定緊急避難場所（法指定）","洪水,崖崩れ等",""
"","母子健康センター","三好市井川町井関３８−３","34.026906","133.879749","","","","","","","","","","","0883-78-2424","指定緊急避難場所（法指定）","洪水,崖崩れ等",""
"","西新町分館","三好市井川町岡野前３４","34.02747","133.875894","","","","","","","","","","","　　　　　−","指定緊急避難場所（法指定）","洪水",""
"","井川柔剣道場","三好市井川町タクミ田１５−２","34.030186","133.867666","","","","","","","","","","","　　　　　−","指定緊急避難場所（法指定）","洪水,崖崩れ等",""
"","中村集会所","三好市井川町吉岡１９２","34.030739","133.866058","","","","","","","","","","","　　　　　−","指定緊急避難場所（法指定）","洪水,崖崩れ等",""
"","里川集会所","三好市井川町里川２７２−２","34.006867","133.848316","","","","","","","","","","","　　　　　−","指定緊急避難場所（法指定）","洪水,崖崩れ等",""
"","女法寺集会所","三好市井川町西井川１２９０","34.033939","133.860299","","","","","","","","","","","　　　　　−","指定緊急避難場所（法指定）","洪水,崖崩れ等,地震",""
"","女法寺公会堂","三好市井川町西井川１２４１−２","34.033021","133.859323","","","","","","","","","","","　　　　　−","指定緊急避難場所（法指定）","洪水,崖崩れ等",""
"","佃分館","三好市井川町西井川１１８１","34.032725","133.856009","","","","","","","","","","","　　　　　−","指定緊急避難場所（法指定）","洪水",""
"","佃西集会所","三好市井川町西井川９１５−７","34.032103","133.851646","","","","","","","","","","","　　　　　−","指定緊急避難場所（法指定）","洪水",""
"","長尾集会所","三好市井川町西井川１６５６","34.026392","133.847371","","","","","","","","","","","　　　　　−","指定緊急避難場所（法指定）","洪水",""
"","出ノ上公会堂","三好市井川町西井川７７８−４","34.031478","133.846704","","","","","","","","","","","　　　　　−","指定緊急避難場所（法指定）","洪水,崖崩れ等",""
"","西井川集会所","三好市井川町西井川７３４−３","34.032681","133.846588","","","","","","","","","","","　　　　　−","指定緊急避難場所（法指定）","洪水,崖崩れ等",""
"","なでしこ館","三好市井川町西井川６４７−１","34.031112","133.842897","","","","","","","","","","","　　　　　−","指定緊急避難場所（法指定）","洪水,崖崩れ等",""
"","近金集会所","三好市井川町西井川６５１−３","34.030163","133.84263","","","","","","","","","","","　　　　　−","指定緊急避難場所（法指定）","洪水,崖崩れ等",""
"","老人憩いの家白寿荘","三好市井川町西井川４５３−３","34.028443","133.841826","","","","","","","","","","","　　　　　−","指定緊急避難場所（法指定）","洪水",""
"","西井川坊集会所","三好市井川町西井川２８４−１","34.02994","133.838692","","","","","","","","","","","　　　　　−","指定緊急避難場所（法指定）","洪水,崖崩れ等",""
"","黎明分館","三好市井川町西井川２０８−１","34.03026","133.835003","","","","","","","","","","","　　　　　−","指定緊急避難場所（法指定）","洪水,崖崩れ等",""
"","末集会所","三好市井川町西井川７０−１","34.02798","133.829653","","","","","","","","","","","　　　　　−","指定緊急避難場所（法指定）","洪水,崖崩れ等",""
"","境谷構造改善センター","三好市池田町佐野南大境１１５２−１","33.993852","133.681811","","","","","","","","","","","0883-74-5899","指定緊急避難場所（法指定）","洪水",""
"","佐野小学校　校舎・体育館","三好市池田町佐野金氏９４７","34.001969","133.703282","","","","","","","","","","","0883-74-0660","指定緊急避難場所（法指定）","洪水,崖崩れ等,地震",""
"","公民館佐野分館","三好市池田町佐野福田井１８８３−２","34.002226","133.704864","","","","","","","","","","","　　　　　−","指定緊急避難場所（法指定）","洪水,崖崩れ等,地震",""
"","公民館馬路分館","三好市池田町馬路安長４７−１","34.012117","133.747169","","","","","","","","","","","　　　　　−","指定緊急避難場所（法指定）","洪水,崖崩れ等",""
"","日ノ出堂面集会所","三好市池田町馬路土居","34.013412","133.751387","","","","","","","","","","","　　　　　−","指定緊急避難場所（法指定）","洪水,崖崩れ等",""
"","馬路構造改善センター","三好市池田町馬路蔭ノ前５４","34.014652","133.756164","","","","","","","","","","","0883-74-1777","指定緊急避難場所（法指定）","洪水,崖崩れ等",""
"","井ノ久保集会所","三好市池田町白地井ノ久保","34.019489","133.764231","","","","","","","","","","","　　　　　−","指定緊急避難場所（法指定）","洪水,崖崩れ等",""
"","井ノ久保活性化センター","三好市池田町白地井ノ久保９６６−１","34.017449","133.767056","","","","","","","","","","","0883-74-1711","指定緊急避難場所（法指定）","洪水,崖崩れ等",""
"","井ノ久保コミュニティセンター","三好市池田町白地井ノ久保","34.017571","133.774567","","","","","","","","","","","　　　　　−","指定緊急避難場所（法指定）","洪水,崖崩れ等,地震",""
"","馬場地域多目的施設（旧馬場小学校）","三好市池田町白地ウバマ４２９−１","34.035448","133.782318","","","","","","","","","","","　　　　　−","指定緊急避難場所（法指定）","洪水,崖崩れ等,地震",""
"","白地公民館","三好市池田町白地字本名１５３−１","34.017091","133.781845","","","","","","","","","","","0883-74-1024","指定緊急避難場所（法指定）","洪水,崖崩れ等,地震",""
"","三好市池田一中体育館（旧池田第一中学校）","三好市池田町白地字本名８８８","34.013293","133.781901","","","","","","","","","","","0883-72-5555","指定緊急避難場所（法指定）","洪水,崖崩れ等",""
"","府甲部集会所","三好市池田町白地府甲部","34.004318","133.769653","","","","","","","","","","","　　　　　−","指定緊急避難場所（法指定）","洪水,崖崩れ等",""
"","緑の村管理センター","三好市池田町松尾黒川２−１","33.958567","133.820761","","","","","","","","","","","0883-75-2044","指定緊急避難場所（法指定）","洪水,崖崩れ等",""
"","出合地域多目的施設　体育館（旧出合小学校）","三好市池田町大利大西１７−２","33.962075","133.800748","","","","","","","","","","","　　　　　−","指定緊急避難場所（法指定）","洪水,地震",""
"","公民館出合分館","三好市池田町大利大西３６−１","33.959547","133.798908","","","","","","","","","","","0883-74-2041","指定緊急避難場所（法指定）","洪水,崖崩れ等",""
"","大申集会所","三好市池田町松尾大申","33.957664","133.789355","","","","","","","","","","","　　　　　−","指定緊急避難場所（法指定）","洪水",""
"","川崎小学校　体育館","三好市池田町川崎浪会２６−３１","33.968084","133.774377","","","","","","","","","","","0883-72-0414","指定緊急避難場所（法指定）","洪水,崖崩れ等,地震",""
"","川崎生活改善センター","三好市池田町川崎宮ノ前１５０","33.966492","133.775031","","","","","","","","","","","0883-74-1591","指定緊急避難場所（法指定）","洪水",""
"","大利空連合消防会館","三好市池田町大利備中","33.971135","133.784012","","","","","","","","","","","　　　　　−","指定緊急避難場所（法指定）","洪水,崖崩れ等",""
"","公民館影野分館","三好市池田町漆川影野３５４７","33.981206","133.852051","","","","","","","","","","","0883-74-5031","指定緊急避難場所（法指定）","洪水,崖崩れ等",""
"","公民館漆川分館","三好市池田町漆川坊岡８３７","33.99409","133.828108","","","","","","","","","","","0883-74-1646","指定緊急避難場所（法指定）","洪水,崖崩れ等",""
"","漆川地域多目的施設（旧漆川小学校）","三好市池田町漆川小林１９８３","33.992014","133.823533","","","","","","","","","","","　　　　　−","指定緊急避難場所（法指定）","洪水,崖崩れ等",""
"","梅谷多目的集会施設","三好市池田町漆川下川原１３４−１","33.990469","133.810213","","","","","","","","","","","0883-74-1787","指定緊急避難場所（法指定）","洪水,崖崩れ等",""
"","三縄公民館","三好市池田町中西フルトノ９８４−１","34.00498","133.790834","","","","","","","","","","","0883-74-1503","指定緊急避難場所（法指定）","洪水,崖崩れ等",""
"","中西集会所","三好市池田町中西ナガウチ２５７−８","34.007264","133.787692","","","","","","","","","","","　　　　　−","指定緊急避難場所（法指定）","洪水,崖崩れ等",""
"","中西老人福祉センター","三好市池田町中西九畠１６７６−２","34.014359","133.787302","","","","","","","","","","","0883-74-1000","指定緊急避難場所（法指定）","洪水,崖崩れ等",""
"","野呂内構造改善センター","三好市池田町白地ノロウチ２４７−１","34.058001","133.765453","","","","","","","","","","","0883-74-1617","指定緊急避難場所（法指定）","洪水,崖崩れ等",""
"","下野呂内地域交流センター","三好市池田町西山中塚１０９３","34.061064","133.795384","","","","","","","","","","","0883-72-6041","指定緊急避難場所（法指定）","洪水,崖崩れ等",""
"","北嶺活性化センター","三好市池田町西山落１６８０","34.050064","133.827925","","","","","","","","","","","0883-72-3576","指定緊急避難場所（法指定）","洪水,崖崩れ等",""
"","入体集会所","三好市池田町西山木屋床","34.045875","133.824038","","","","","","","","","","","　　　　　−","指定緊急避難場所（法指定）","洪水,崖崩れ等",""
"","入体構造改善センター","三好市池田町西山古野２３６７","34.044997","133.821157","","","","","","","","","","","0883-72-3850","指定緊急避難場所（法指定）","洪水,崖崩れ等",""
"","峰ノ久保集会所","三好市池田町西山峰ノ久保","34.03987","133.820981","","","","","","","","","","","　　　　　−","指定緊急避難場所（法指定）","洪水,崖崩れ等",""
"","西山地域多目的施設（西山小学校・体育館）","三好市池田町西山岡屋敷３５６３−１","34.044026","133.805577","","","","","","","","","","","0883-72-2204","指定緊急避難場所（法指定）","洪水,崖崩れ等,地震",""
"","西山構造改善センター","三好市池田町西山久保３９４８","34.039803","133.801571","","","","","","","","","","","0883-72-3830","指定緊急避難場所（法指定）","洪水,崖崩れ等",""
"","西山浜教育集会所","三好市池田町西山西川見５０７−１","34.034573","133.800184","","","","","","","","","","","0883-72-1394","指定緊急避難場所（法指定）","洪水,崖崩れ等",""
"","公民館イタノ分館","三好市池田町イタノ３３２８−８","34.023098","133.786005","","","","","","","","","","","0883-72-6335","指定緊急避難場所（法指定）","洪水,崖崩れ等",""
"","農村婦人の家","三好市池田町マチ２５５１−１","34.026887","133.798768","","","","","","","","","","","0883-72-1833","指定緊急避難場所（法指定）","洪水,崖崩れ等",""
"","公民館池南分館","三好市池田町マチ２５５１","34.027787","133.800584","","","","","","","","","","","　　　　　−","指定緊急避難場所（法指定）","洪水,崖崩れ等",""
"","公民館上野分館","三好市池田町ウエノ２７８７−８","34.03085","133.799099","","","","","","","","","","","0883-72-2694","指定緊急避難場所（法指定）","洪水,崖崩れ等",""
"","三好市中央公民館","三好市池田町シンマチ２６７６","34.029616","133.807724","","","","","","","","","","","0883-72-3700","指定緊急避難場所（法指定）","洪水,崖崩れ等",""
"","公民館供養地分館","三好市池田町ヤマダ３０３","34.027036","133.824089","","","","","","","","","","","0883-72-1169","指定緊急避難場所（法指定）","洪水,崖崩れ等",""
"","三島小学校","美馬市穴吹町三島字三谷374","34.055566","134.129108","","","","","","","","","","","0883-52-1375","指定緊急避難場所（法指定）","洪水,地震,内水氾濫",""
"","三島中学校","美馬市穴吹町三島字三谷356","34.055388","134.127885","","","","","","","","","","","0883-52-1146","指定緊急避難場所（法指定）","洪水,地震,内水氾濫",""
"","穴吹中学校","美馬市穴吹町穴吹字井口23","34.043677","134.167185","","","","","","","","","","","0883-52-1046","指定緊急避難場所（法指定）","洪水,地震,内水氾濫",""
"","穴吹小学校","美馬市穴吹町穴吹字柏40","34.046419","134.168596","","","","","","","","","","","0883-52-1059","指定緊急避難場所（法指定）","洪水,地震,内水氾濫",""
"","江原南小学校","美馬市脇町字拝原829","34.072857","134.172024","","","","","","","","","","","0883-52-1189","指定緊急避難場所（法指定）","洪水,崖崩れ等,地震,内水氾濫",""
"","脇町中学校","美馬市脇町大字猪尻字西ノ久保78","34.070391","134.15328","","","","","","","","","","","0883-52-1141","指定緊急避難場所（法指定）","洪水,崖崩れ等,地震,内水氾濫",""
"","脇町小学校","美馬市脇町大字猪尻字西ノ久保116","34.070871","134.151489","","","","","","","","","","","0883-52-1165","指定緊急避難場所（法指定）","洪水,崖崩れ等,地震,内水氾濫",""
"","脇町福祉センター","美馬市脇町大字脇町1265-1","34.070587","134.147369","","","","","","","","","","","0883-52-2141","指定緊急避難場所（法指定）","洪水,崖崩れ等,内水氾濫",""
"","岩倉小学校","美馬市脇町岩倉2879","34.062352","134.113551","","","","","","","","","","","0883-52-1249","指定緊急避難場所（法指定）","洪水,崖崩れ等,地震,内水氾濫",""
"","岩倉中学校","美馬市脇町別所3406","34.061495","134.107758","","","","","","","","","","","0883-52-3303","指定緊急避難場所（法指定）","洪水,崖崩れ等,地震,内水氾濫",""
"","芝坂小学校","美馬市美馬町字南原26","34.064383","134.087035","","","","","","","","","","","0883-63-2039","指定緊急避難場所（法指定）","洪水,崖崩れ等,地震,内水氾濫",""
"","喜来小学校","美馬市美馬町字天神63-1","34.048701","134.053553","","","","","","","","","","","0883-63-2034","指定緊急避難場所（法指定）","洪水,崖崩れ等,地震,内水氾濫",""
"","寺町防災交流センター","美馬市美馬町字寺の下20-1","34.052114","134.060677","","","","","","","","","","","","指定緊急避難場所（法指定）","洪水,崖崩れ等,地震,内水氾濫",""
"","重清西小学校","美馬市美馬町字八幡115","34.047206","134.017711","","","","","","","","","","","0883-63-2505","指定緊急避難場所（法指定）","洪水,崖崩れ等,地震,内水氾濫",""
"","重清東小学校","美馬市美馬町字大泉51-1","34.051357","134.042795","","","","","","","","","","","0883-63-2506","指定緊急避難場所（法指定）","洪水,崖崩れ等,地震,内水氾濫",""
"","美馬福祉センター","美馬市美馬町字中東原75","34.053048","134.047226","","","","","","","","","","","0883-63-2843","指定緊急避難場所（法指定）","洪水,崖崩れ等,内水氾濫",""
"","美馬中学校","美馬市美馬町字谷ヨリ西68","34.053033","134.04928","","","","","","","","","","","0883-63-2013","指定緊急避難場所（法指定）","洪水,崖崩れ等,地震,内水氾濫",""
"","老人優先避難所みどり","阿波市市場町香美字秋葉本80-1","34.08515217","134.2838926","","","","","","","","","","","0883-36-7771","指定緊急避難場所（法定外）","洪水,崖崩れ等,地震,内水氾濫",""
"","阿波西高等学校（体育館）","阿波市阿波町下喜来南228-1","34.08715958","134.264377","","","","","","","","","","","0883-35-3131","指定緊急避難場所（法定外）","洪水,崖崩れ等,地震,内水氾濫",""
"","阿波久勝公民館","阿波市阿波町庚申原218-1","34.08333005","134.2508968","","","","","","","","","","","0883-35-2026","指定緊急避難場所（法指定）","洪水,崖崩れ等,地震,内水氾濫",""
"","阿波農村環境改善センター","阿波市阿波町東原173","34.08264024","134.2354183","","","","","","","","","","","0883-35-3939","指定緊急避難場所（法指定）","洪水,崖崩れ等,地震,内水氾濫",""
"","阿波体育館","阿波市阿波町丸山22","34.07607589","134.2265037","","","","","","","","","","","","指定緊急避難場所（法定外）","洪水,崖崩れ等,地震,内水氾濫",""
"","久勝小学校（体育館）","阿波市阿波町森沢28","34.08500989","134.2518087","","","","","","","","","","","0883-35-2136","指定緊急避難場所（法指定）","洪水,崖崩れ等,地震,大規模な火事,内水氾濫",""
"","伊沢小学校（体育館）","阿波市阿波町南柴生172","34.08923866","134.2288966","","","","","","","","","","","0883-35-2034","指定緊急避難場所（法指定）","洪水,崖崩れ等,地震,大規模な火事,内水氾濫",""
"","阿波中学校（体育館）","阿波市阿波町東原230-1","34.08578407","134.2347508","","","","","","","","","","","0883-35-2040","指定緊急避難場所（法指定）","洪水,崖崩れ等,地震,内水氾濫",""
"","阿波伊沢公民館","阿波市阿波町南柴生84","34.08810206","134.2295514","","","","","","","","","","","0883-35-2152","指定緊急避難場所（法指定）","洪水,崖崩れ等,地震,内水氾濫",""
"","阿波伊沢北分館","阿波市阿波町亀底199-1","34.129062","134.227331","","","","","","","","","","","","指定緊急避難場所（法指定）","洪水,地震,内水氾濫",""
"","大俣公民館","阿波市市場町上喜来字田中602-3","34.10353023","134.2691083","","","","","","","","","","","0883-36-2284","指定緊急避難場所（法指定）","洪水,崖崩れ等,内水氾濫",""
"","八幡公民館","阿波市市場町大野島字稲荷112-1","34.09059449","134.3127797","","","","","","","","","","","0883-36-3004","指定緊急避難場所（法指定）","洪水,崖崩れ等",""
"","市場日開谷体育館","阿波市市場町日開谷字野田原25","34.12420874","134.2670545","","","","","","","","","","","","指定緊急避難場所（法定外）","洪水,地震,内水氾濫",""
"","市場コミュニティセンター","阿波市市場町市場字上野段388","34.09000349","134.2846332","","","","","","","","","","","","指定緊急避難場所（法指定）","洪水,崖崩れ等,地震,内水氾濫",""
"","八幡小学校（体育館）","阿波市市場町大野島字稲荷138-1","34.09102987","134.3114986","","","","","","","","","","","0883-36-3011","指定緊急避難場所（法指定）","洪水,崖崩れ等,地震,大規模な火事,内水氾濫",""
"","大俣小学校（体育館）","阿波市市場町上喜来字西原200","34.10398681","134.2625106","","","","","","","","","","","0883-36-2158","指定緊急避難場所（法指定）","洪水,崖崩れ等,地震,大規模な火事,内水氾濫",""
"","大影小学校（体育館）","阿波市市場町大影字境目39-1","34.1733051","134.2540616","","","","","","","","","","","","指定緊急避難場所（法定外）","洪水,地震,大規模な火事,内水氾濫",""
"","市場中学校（体育館）","阿波市市場町市場字上野段6-3","34.09831877","134.2861787","","","","","","","","","","","0883-36-2046","指定緊急避難場所（法指定）","洪水,崖崩れ等,地震,内水氾濫",""
"","市場小学校（体育館）","阿波市市場町市場字上野段670","34.08710668","134.2867687","","","","","","","","","","","0883-36-2019","指定緊急避難場所（法指定）","洪水,崖崩れ等,地震,大規模な火事,内水氾濫",""
"","土成地域資源活力工房","阿波市土成町宮川内字平間28-2","34.15099555","134.3523373","","","","","","","","","","","088-695-5405","指定緊急避難場所（法定外）","洪水,地震,内水氾濫",""
"","土成コミュニティセンター","土成町土成字丸山10","34.11546","134.339709","","","","","","","","","","","088-695-2311","指定緊急避難場所（法指定）","洪水,崖崩れ等,地震,内水氾濫",""
"","土成中学校（体育館）","阿波市土成町吉田字一本松の二42","34.11430072","134.3480088","","","","","","","","","","","088-695-2008","指定緊急避難場所（法指定）","洪水,崖崩れ等,地震,内水氾濫",""
"","土成小学校（体育館）","阿波市土成町成当1203-1","34.10897129","134.3252255","","","","","","","","","","","088-695-3064","指定緊急避難場所（法指定）","洪水,崖崩れ等,地震,大規模な火事,内水氾濫",""
"","御所小学校（体育館）","阿波市土成町宮川内字広坪89","34.11939053","134.3619128","","","","","","","","","","","088-695-2004","指定緊急避難場所（法指定）","洪水,崖崩れ等,地震,大規模な火事,内水氾濫",""
"","吉野スポーツセンター","阿波市吉野町西条字大西6-1","34.09852769","134.3709713","","","","","","","","","","","088-696-2485","指定緊急避難場所（法定外）","洪水,崖崩れ等,地震,内水氾濫",""
"","阿波高等学校（体育館）","阿波市吉野町柿原字ヒロナカ180","34.09940797","134.3524547","","","","","","","","","","","088-696-3131","指定緊急避難場所（法定外）","洪水,崖崩れ等,地震",""
"","吉野中学校（体育館）","阿波市吉野町西条字大西4-1","34.09883939","134.3694641","","","","","","","","","","","088-696-2039","指定緊急避難場所（法指定）","洪水,崖崩れ等,地震,内水氾濫",""
"","柿原小学校（体育館）","阿波市吉野町柿原字ヒロナカ256-1","34.09748368","134.3522193","","","","","","","","","","","088-696-2209","指定緊急避難場所（法指定）","洪水,崖崩れ等,地震,大規模な火事",""
"","美郷老人福祉センター","吉野川市美郷字毛無92番地2","34.030243","134.263983","","","","","","","","","","","0883-43-2811","指定緊急避難場所（法指定）","洪水,地震,大規模な火事,内水氾濫",""
"","吉野川市ふるさとセンター","吉野川市美郷字中筋194番地1","34.025677","134.259831","","","","","","","","","","","0883-43-2811","指定緊急避難場所（法指定）","洪水,崖崩れ等,地震,大規模な火事,内水氾濫",""
"","中枝小学校・体育館","吉野川市美郷字平71番地2","34.017798","134.261974","","","","","","","","","","","−","指定緊急避難場所（法指定）","洪水,地震,大規模な火事,内水氾濫",""
"","美郷中学校・体育館","吉野川市美郷字川俣51番地","34.031074","134.256728","","","","","","","","","","","−","指定緊急避難場所（法指定）","洪水,地震,大規模な火事,内水氾濫",""
"","種野小学校","吉野川市美郷字川俣47番地","34.03132","134.256866","","","","","","","","","","","0883-43-2900","指定緊急避難場所（法指定）","洪水,地震,大規模な火事,内水氾濫",""
"","東山小学校・体育館","吉野川市美郷字古土地155番地2","34.030804","134.298059","","","","","","","","","","","−","指定緊急避難場所（法指定）","洪水,地震,大規模な火事,内水氾濫",""
"","川田西小学校・体育館","吉野川市山川町川田429番地6","34.061592","134.208641","","","","","","","","","","","0883-42-2201","指定緊急避難場所（法指定）","洪水,崖崩れ等,地震,大規模な火事,内水氾濫",""
"","川田中小学校・体育館","吉野川市山川町町字53番地","34.045881","134.225196","","","","","","","","","","","0883-42-2022","指定緊急避難場所（法指定）","洪水,崖崩れ等,地震,大規模な火事,内水氾濫",""
"","川田小学校・体育館","吉野川市山川町住吉189番地","34.047504","134.232255","","","","","","","","","","","0883-42-2010","指定緊急避難場所（法指定）","洪水,崖崩れ等,地震,大規模な火事,内水氾濫",""
"","山川地域総合センター","吉野川市山川町翁喜台117番地","34.052431","134.231504","","","","","","","","","","","0883-42-4112","指定緊急避難場所（法指定）","洪水,崖崩れ等,地震,大規模な火事,内水氾濫",""
"","県立川島中学・高校","吉野川市川島町桑村367番地3","34.059299","134.325167","","","","","","","","","","","0883-25-2824","指定緊急避難場所（法指定）","洪水,崖崩れ等,地震,大規模な火事,内水氾濫",""
"","川島公民館","吉野川市川島町桑村860番地","34.060719","134.318282","","","","","","","","","","","0883-25-2180","指定緊急避難場所（法指定）","洪水,崖崩れ等,大規模な火事,内水氾濫",""
"","吉野川市役所","吉野川市鴨島町鴨島115番地1","34.06625","134.358641","","","","","","","","","","","0883-22-2235","指定緊急避難場所（法指定）","洪水,崖崩れ等,地震,大規模な火事,内水氾濫",""
"","鴨島公民館","吉野川市鴨島町鴨島甲１番地","34.0749905373933","134.350744728834","","","","","","","","","","","0883-24-5111","指定緊急避難場所（法指定）","洪水,崖崩れ等,大規模な火事,内水氾濫",""
"","鴨島第一中学校・体育館","吉野川市鴨島町鴨島633番地2","34.075066","134.348009","","","","","","","","","","","0883-24-2449","指定緊急避難場所（法指定）","洪水,崖崩れ等,地震,大規模な火事,内水氾濫",""
"","鴨島小学校・体育館","吉野川市鴨島町鴨島５６４番地","34.073173","134.354306","","","","","","","","","","","0883-24-2237","指定緊急避難場所（法指定）","洪水,崖崩れ等,地震,大規模な火事,内水氾濫",""
"","森山小学校・体育館","吉野川市鴨島町山路1086番地","34.062908","134.37011","","","","","","","","","","","0883-24-2205","指定緊急避難場所（法指定）","洪水,崖崩れ等,地震,大規模な火事,内水氾濫",""
"","鴨島東中学校・体育館","吉野川市鴨島町麻植塚215番地３","34.069618","134.375668","","","","","","","","","","","0883-24-2034","指定緊急避難場所（法指定）","洪水,崖崩れ等,地震,大規模な火事,内水氾濫",""
"","老人ホーム福寿荘","阿南市畭町亀崎93-7","33.916491","134.697609","","","","","","","","","","","0884-23-3440","指定緊急避難場所（法指定）","洪水,津波",""
"","羽ノ浦小学校","阿南市羽ノ浦町中庄原婦知1-1","33.95824","134.62772","","","","","","","","","","","0884-44-2053","指定緊急避難場所（法指定）","洪水,地震,津波,大規模な火事","洪水：校舎2階以上
地震：グラウンド
津波：グラウンド、校舎、体育館
大規模な火事：グラウンド"
"","富岡東高等学校羽ノ浦校","阿南市羽ノ浦町中庄市50-1","33.95978","134.628085","","","","","","","","","","","0884-44-2054","指定緊急避難場所（法指定）","洪水,地震,津波","地震：グラウンド
津波：グラウンド、校舎、体育館、部室棟
洪水：校舎2階以上"
"","今津小学校","阿南市那賀川町敷地238","33.963855","134.646302","","","","","","","","","","","0884-42-0702","指定緊急避難場所（法指定）","洪水,津波","洪水・津波：校舎2階以上"
"","中野島総合センター","阿南市柳島町中川原20-3","33.933213","134.640681","","","","","","","","","","","0884-22-1669","指定緊急避難場所（法指定）","洪水,地震,津波",""
"","科学センター","阿南市那賀川町上福井南川渕8-1","33.948854","134.681745","","","","","","","","","","","0884-42-1600","指定緊急避難場所（法指定）","洪水,津波","洪水・津波：体験館2階以上、天文館2階以上"
"","平島小学校","阿南市那賀川町赤池131-2","33.943547","134.662632","","","","","","","","","","","0884-42-0039","指定緊急避難場所（法指定）","洪水,津波","洪水・津波：校舎2階以上"
"","那賀川中学校","阿南市那賀川町苅屋370-1","33.949746","134.661838","","","","","","","","","","","0884-42-0058","指定緊急避難場所（法指定）","洪水,津波,大規模な火事","大規模な火事：グラウンド
洪水・津波：校舎2階以上"
"","横見小学校","阿南市横見町前長岡67-1","33.928918","134.655492","","","","","","","","","","","0884-22-0363","指定緊急避難場所（法指定）","洪水,津波,大規模な火事",""
"","椿泊小学校","阿南市椿泊町東127","33.844489","134.716061","","","","","","","","","","","0884-33-0014","指定緊急避難場所（法指定）","洪水,崖崩れ等,地震,津波,大規模な火事",""
"","蒲生田小学校(休校中)　","阿南市椿町蒲生田2","33.836028","134.73819","","","","","","","","","","","0884-33-0811","指定緊急避難場所（法指定）","洪水,崖崩れ等,地震,津波,大規模な火事",""
"","かもだ岬温泉保養施設","阿南市椿町船瀬60-2","33.831409","134.725892","","","","","","","","","","","0884-21-3030","指定緊急避難場所（法指定）","洪水,地震,津波",""
"","椿小学校","阿南市椿町黒田47","33.828448","134.666483","","","","","","","","","","","0884-33-1004","指定緊急避難場所（法指定）","洪水,崖崩れ等,津波",""
"","福井町総合センター","阿南市福井町古津198-2","33.836894","134.620964","","","","","","","","","","","0884-34-2250","指定緊急避難場所（法指定）","洪水,崖崩れ等,地震,津波",""
"","福井小学校","阿南市福井町大西192-1","33.838242","134.621948","","","","","","","","","","","0884-34-2013","指定緊急避難場所（法指定）","洪水,地震,津波,大規模な火事",""
"","福井中学校","阿南市福井町大西141","33.838687","134.62299","","","","","","","","","","","0884-34-2234","指定緊急避難場所（法指定）","洪水,崖崩れ等,地震,津波",""
"","ふるさと館","阿南市橘町土井崎115-16","33.851867","134.624092","","","","","","","","","","","0884-34-2161","指定緊急避難場所（法指定）","洪水,崖崩れ等,地震,津波",""
"","旧クリーンセンター","阿南市橘町土井崎117-14","33.852064","134.622601","","","","","","","","","","","","指定緊急避難場所（法指定）","洪水,崖崩れ等,地震,津波",""
"","橘こどもセンター","阿南市橘町久保38-3","33.875131","134.640418","","","","","","","","","","","0884-26-8800","指定緊急避難場所（法指定）","洪水,津波",""
"","津乃峰総合センター","阿南市津乃峰町長浜494","33.8889100676879","134.65591056873","","","","","","","","","","","","指定緊急避難場所（法指定）","洪水,崖崩れ等,津波",""
"","津乃峰小学校","阿南市津乃峰町戎山129-37","33.884427","134.649929","","","","","","","","","","","0884-27-0227","指定緊急避難場所（法指定）","洪水,崖崩れ等,津波",""
"","阿南工業高等専門学校","阿南市見能林町青木265","33.898017","134.667706","","","","","","","","","","","0884-23-7100","指定緊急避難場所（法指定）","洪水,津波,大規模な火事",""
"","見能林小学校","阿南市見能林町西内35","33.900698","134.670453","","","","","","","","","","","0884-22-0506","指定緊急避難場所（法指定）","洪水,崖崩れ等,津波",""
"","見能林公民館","阿南市見能林町念仏免4-1","33.901199","134.669485","","","","","","","","","","","0884-22-0501","指定緊急避難場所（法指定）","洪水,崖崩れ等,津波",""
"","阿南中学校","阿南市見能林町南勘高1","33.905257","134.664831","","","","","","","","","","","0884-22-0539","指定緊急避難場所（法指定）","洪水,崖崩れ等,津波",""
"","富岡幼稚園","阿南市領家町浜田182-1","33.922922","134.668613","","","","","","","","","","","0884-22-0561","指定緊急避難場所（法指定）","洪水,津波",""
"","阿南社会福祉会館","阿南市今福寺40-17","33.918584","134.662302","","","","","","","","","","","0884-22-3290","指定緊急避難場所（法指定）","洪水,津波",""
"","阿南ひまわり会館","阿南市富岡町北通33-1","33.921453","134.662664","","","","","","","","","","","0884-23-6600","指定緊急避難場所（法指定）","洪水,崖崩れ等,津波",""
"","スポーツ総合センター","阿南市七見町下川田100-1","33.919641","134.684814","","","","","","","","","","","0884-22-2300","指定緊急避難場所（法指定）","洪水,崖崩れ等,津波",""
"","富岡公民館","阿南市富岡町西池田135-1","33.915475","134.656573","","","","","","","","","","","0884-22-1028","指定緊急避難場所（法指定）","洪水,崖崩れ等,津波",""
"","阿南市文化会館","阿南市富岡町西池田135-1","33.915694","134.656069","","","","","","","","","","","0884-21-0808","指定緊急避難場所（法指定）","洪水,地震,津波,大規模な火事",""
"","富岡小学校","阿南市領家町浜田200","33.924044","134.66747","","","","","","","","","","","0884-22-0066","指定緊急避難場所（法指定）","洪水,津波",""
"","富岡西高等学校","阿南市富岡町小山18-3","33.919432","134.650261","","","","","","","","","","","0884-22-0041","指定緊急避難場所（法指定）","洪水,崖崩れ等,地震,津波",""
"","鳴門高等学校（体育館）","鳴門市撫養町斎田字岩崎135-1","34.179209729499","134.600511077761","","","","","","","","","","","088-685-3217","指定緊急避難場所（法指定）","洪水,高潮,崖崩れ等,地震,津波,内水氾濫",""
"","コミュニティセンター新開会館","赤石町6-60","33.982576","134.614191","","","","","","","","","","","0885-38-1931","指定緊急避難場所（法指定）","洪水,崖崩れ等,内水氾濫",""
"","新開小学校","大林町字中津37","33.978901","134.617796","","","","","","","","","","","0885-37-1102","指定緊急避難場所（法指定）","洪水,崖崩れ等,津波,内水氾濫",""
"","コミュニティ交流センターみさき","和田島町字遠見73-11","34.007633","134.628096","","","","","","","","","","","","指定緊急避難場所（法指定）","洪水,崖崩れ等,内水氾濫",""
"","和田島公民館","和田島町字明神北129","33.99768","134.640326","","","","","","","","","","","0885-37-2723","指定緊急避難場所（法指定）","洪水,崖崩れ等,内水氾濫",""
"","和田島小学校","和田島町字山のはな8","33.996248","134.640326","","","","","","","","","","","0885-37-1911","指定緊急避難場所（法指定）","洪水,崖崩れ等,津波,内水氾濫",""
"","目佐厚生福祉解放センター","坂野町字目佐101","33.967161","134.633853","","","","","","","","","","","0885-37-0358","指定緊急避難場所（法指定）","洪水,崖崩れ等,津波,内水氾濫",""
"","坂野小学校","坂野町字根上り6-1","33.981891","134.633138","","","","","","","","","","","0885-37-1512","指定緊急避難場所（法指定）","洪水,崖崩れ等,津波,内水氾濫",""
"","櫛渕小学校","櫛渕町字北佃45","33.953791","134.584172","","","","","","","","","","","0885-37-1058","指定緊急避難場所（法指定）","洪水,崖崩れ等,津波,内水氾濫",""
"","しらさぎ浄園","立江町字大田ノ浦67-1","33.977478","134.598784","","","","","","","","","","","0885-38-1452","指定緊急避難場所（法指定）","洪水,津波,内水氾濫",""
"","小松島市立武道館","立江町字赤石74-2","33.978972","134.606273","","","","","","","","","","","0885-38-1788","指定緊急避難場所（法指定）","洪水,崖崩れ等,内水氾濫",""
"","小松島市立体育館","立江町字赤石74-2","33.979399","134.605994","","","","","","","","","","","0885-38-1788","指定緊急避難場所（法指定）","洪水,崖崩れ等,内水氾濫",""
"","立江小学校","立江町字松本34-3","33.968812","134.604055","","","","","","","","","","","0885-37-1002","指定緊急避難場所（法指定）","洪水,崖崩れ等,津波,内水氾濫",""
"","芝田多目的センター","芝生町字西居屋敷107-3","33.995254","134.580199","","","","","","","","","","","0885-32-4656","指定緊急避難場所（法指定）","洪水,崖崩れ等,内水氾濫",""
"","芝田小学校","田野町字中須45","33.985276","134.583313","","","","","","","","","","","0885-32-0212","指定緊急避難場所（法指定）","洪水,津波,内水氾濫",""
"","児安小学校","田浦町字近里27","34.001959","134.564935","","","","","","","","","","","0885-32-0171","指定緊急避難場所（法指定）","洪水,崖崩れ等,津波,内水氾濫",""
"","小松島厚生福祉解放センター","中郷町字加藤18-1","34.007922","134.571635","","","","","","","","","","","0885-32-5711","指定緊急避難場所（法指定）","洪水,崖崩れ等,津波,内水氾濫",""
"","泰地総合センター","中郷町字桜馬場103-1","34.013112","134.57384","","","","","","","","","","","0885-33-0194","指定緊急避難場所（法指定）","洪水,崖崩れ等,津波,内水氾濫",""
"","千代小学校","中田町字奥林29","34.015157","134.575224","","","","","","","","","","","0885-32-0109","指定緊急避難場所（法指定）","洪水,崖崩れ等,津波,内水氾濫",""
"","生涯学習センター・市立図書館","小松島町字新港29-11","34.011546","134.586854","","","","","","","","","","","0885-32-1100","指定緊急避難場所（法指定）","洪水,崖崩れ等,津波,内水氾濫",""
"","保健センター・ミリカホール","小松島町字新港9-10","34.010227","134.588594","","","","","","","","","","","0885-32-3551","指定緊急避難場所（法指定）","洪水,崖崩れ等,内水氾濫",""
"","北小松島小学校","中田町字浜田33","34.015593","134.586588","","","","","","","","","","","0885-32-0342","指定緊急避難場所（法指定）","洪水,崖崩れ等,津波,内水氾濫",""
"","勤労青少年ホーム","南小松島町1-16","34.005774","134.591183","","","","","","","","","","","0885-33-3283","指定緊急避難場所（法指定）","洪水,崖崩れ等,津波,内水氾濫",""
"","中央会館","松島町5-6","34.008736","134.585245","","","","","","","","","","","0885-32-2030","指定緊急避難場所（法指定）","洪水,崖崩れ等,津波,内水氾濫",""
"","コミュニティ金磯会館","金磯町7-1","33.994825","134.603926","","","","","","","","","","","0885-32-9559","指定緊急避難場所（法指定）","洪水,崖崩れ等,内水氾濫",""
"","小松島市総合福祉センター","横須町11-7","34.001218","134.593855","","","","","","","","","","","0885-33-2255","指定緊急避難場所（法指定）","洪水,崖崩れ等,津波,内水氾濫",""
"","小松島中学校","日開野町字弥三次3-1","34.002741","134.576812","","","","","","","","","","","0885-32-2044","指定緊急避難場所（法指定）","洪水,崖崩れ等,津波,内水氾濫",""
"","南小松島小学校","小松島町字高須36","34.005116","134.585502","","","","","","","","","","","0885-32-0149","指定緊急避難場所（法指定）","洪水,崖崩れ等,津波,内水氾濫",""
"","小松島小学校","神田瀬町2-63","34.010106","134.58061","","","","","","","","","","","0885-32-0128","指定緊急避難場所（法指定）","洪水,崖崩れ等,津波,内水氾濫",""
"","桧西集会所","鳴門市大麻町桧字ダンノ上32-4","34.154025","134.491341","","","","","","","","","","","−","指定緊急避難場所（法指定）","洪水,崖崩れ等,地震,内水氾濫",""
"","リューネの森集会所","鳴門市大麻町桧字中山田13-151","34.157768","134.492137","","","","","","","","","","","−","指定緊急避難場所（法指定）","洪水,崖崩れ等,地震,内水氾濫",""
"","椎尾谷集会所","鳴門市大麻町桧字椎尾谷35-2","34.1682139408122","134.493912321846","","","","","","","","","","","−","指定緊急避難場所（法指定）","洪水,崖崩れ等,地震,内水氾濫",""
"","川原場集会所","鳴門市大麻町桧字コモガ池90-2","34.149218","134.496742","","","","","","","","","","","−","指定緊急避難場所（法指定）","洪水,崖崩れ等,内水氾濫",""
"","桧集会所","鳴門市大麻町桧字野神ノ北31−5","34.155732","134.496166","","","","","","","","","","","−","指定緊急避難場所（法指定）","洪水,崖崩れ等,内水氾濫",""
"","板東公民館","鳴門市大麻町板東字宝蔵103-1","34.154005","134.505269","","","","","","","","","","","088-689-3360","指定緊急避難場所（法指定）","洪水,崖崩れ等,地震,津波,内水氾濫",""
"","平草集会所","鳴門市大麻町板東字西平草62-12","34.164557","134.503756","","","","","","","","","","","−","指定緊急避難場所（法指定）","洪水,崖崩れ等,内水氾濫",""
"","霊山寺集会所","鳴門市大麻町板東字西山田32","34.159275","134.501667","","","","","","","","","","","−","指定緊急避難場所（法指定）","洪水,崖崩れ等,地震,内水氾濫",""
"","共栄集会所","鳴門市大麻町板東字采女120-4","34.153053","134.50326","","","","","","","","","","","−","指定緊急避難場所（法指定）","洪水,崖崩れ等,内水氾濫",""
"","山田集会所","鳴門市大麻町板東字東山田57-2","34.157273","134.507348","","","","","","","","","","","−","指定緊急避難場所（法指定）","洪水,崖崩れ等,内水氾濫",""
"","大西集会所","鳴門市大麻町板東字采女48-7","34.155169","134.501705","","","","","","","","","","","−","指定緊急避難場所（法指定）","洪水,崖崩れ等,内水氾濫",""
"","舞姫会館","鳴門市大麻町板東字牛ノ宮東16-3","34.153186","134.510451","","","","","","","","","","","−","指定緊急避難場所（法指定）","洪水,崖崩れ等,内水氾濫",""
"","板東小学校（体育館）","鳴門市大麻町板東字宝蔵60","34.15629132","134.5039527","","","","","","","","","","","088-689-1222","指定緊急避難場所（法指定）","洪水,崖崩れ等,地震,津波,内水氾濫",""
"","板東連絡所","鳴門市大麻町板東字宝蔵65","34.156636","134.506174","","","","","","","","","","","088-689-1201","指定緊急避難場所（法指定）","洪水,崖崩れ等,内水氾濫",""
"","樋殿谷集会所","鳴門市大麻町板東字樋殿谷99-2","34.166874","134.509488","","","","","","","","","","","−","指定緊急避難場所（法指定）","洪水,崖崩れ等,内水氾濫",""
"","萩原団地集会所","鳴門市大麻町萩原字西山田68-35","34.157029","134.51061","","","","","","","","","","","−","指定緊急避難場所（法指定）","洪水,崖崩れ等,内水氾濫",""
"","萩原集会所","鳴門市大麻町萩原字アコメン11-3","34.154163","134.513404","","","","","","","","","","","−","指定緊急避難場所（法指定）","洪水,崖崩れ等,内水氾濫",""
"","板東南ふれあいセンター（旧川崎幼稚園）庁舎","鳴門市大麻町川崎394","34.142258684504","134.520645846552","","","","","","","","","","","088-689-2767","指定緊急避難場所（法指定）","洪水,崖崩れ等,津波,内水氾濫",""
"","人権福祉センター","鳴門市大麻町三俣字前野18","34.140491","134.527894","","","","","","","","","","","088-689-2090","指定緊急避難場所（法指定）","洪水,崖崩れ等,内水氾濫",""
"","医王集会所","鳴門市大麻町市場字大道34-1","34.13507","134.533998","","","","","","","","","","","−","指定緊急避難場所（法指定）","洪水,崖崩れ等,内水氾濫",""
"","馬詰集会所","鳴門市大麻町中馬詰字居屋敷18-5","34.141983","134.540892","","","","","","","","","","","−","指定緊急避難場所（法指定）","洪水,崖崩れ等,内水氾濫",""
"","高畑集会所","鳴門市大麻町高畑字居屋敷127-2","34.153761","134.531305","","","","","","","","","","","−","指定緊急避難場所（法指定）","洪水,崖崩れ等,地震,内水氾濫",""
"","池谷集会所","鳴門市大麻町池谷字長田103-2","34.156398","134.528055","","","","","","","","","","","−","指定緊急避難場所（法指定）","洪水,崖崩れ等,内水氾濫",""
"","大谷集会所","鳴門市大麻町大谷字椢原14","34.166838","134.54028","","","","","","","","","","","−","指定緊急避難場所（法指定）","洪水,崖崩れ等,地震,内水氾濫",""
"","堀江公民館","鳴門市大麻町大谷字道の上24","34.161532","134.540036","","","","","","","","","","","088-689-0040","指定緊急避難場所（法指定）","洪水,崖崩れ等,内水氾濫",""
"","堀江北小学校（体育館）","鳴門市大麻町大谷字中筋41","34.1603448677327","134.541485955861","","","","","","","","","","","088-689-0016","指定緊急避難場所（法指定）","洪水,崖崩れ等,地震,津波,内水氾濫",""
"","姫田集会所","鳴門市大麻町姫田字森崎57-2","34.159949","134.546094","","","","","","","","","","","−","指定緊急避難場所（法指定）","洪水,崖崩れ等,内水氾濫",""
"","小森集会所","鳴門市大麻町姫田字東百地1-4","34.164217","134.559734","","","","","","","","","","","−","指定緊急避難場所（法指定）","洪水,崖崩れ等,地震,内水氾濫",""
"","大津団地集会所","鳴門市大津町矢倉字西の越2-2","34.146558","134.591277","","","","","","","","","","","−","指定緊急避難場所（法指定）","洪水,高潮,崖崩れ等,内水氾濫",""
"","鳴門渦潮高等学校（体育館）","鳴門市大津町吉永595","34.1646148343313","134.601219777769","","","","","","","","","","","088-686-4565","指定緊急避難場所（法指定）","洪水,地震,津波,内水氾濫",""
"","備前島集会所","鳴門市大津町備前島字荒神の越164-3","34.162431","134.579344","","","","","","","","","","","−","指定緊急避難場所（法指定）","洪水,高潮,崖崩れ等,内水氾濫",""
"","段関野崎集会所","鳴門市大津町段関字沖野21-6","34.1525760000014","134.569296728839","","","","","","","","","","","−","指定緊急避難場所（法指定）","洪水,高潮,崖崩れ等,地震,内水氾濫",""
"","段関集会所","鳴門市大津町段関字西53-2、53-3","34.1614751516112","134.564385546321","","","","","","","","","","","−","指定緊急避難場所（法指定）","洪水,高潮,崖崩れ等,地震,内水氾濫",""
"","大代集会所","鳴門市大津町大代1213-2","34.166206","134.567078","","","","","","","","","","","−","指定緊急避難場所（法指定）","洪水,高潮,崖崩れ等,地震,内水氾濫",""
"","大代前場集会所","鳴門市大津町大代1133-1","34.168445","134.567538","","","","","","","","","","","−","指定緊急避難場所（法指定）","洪水,高潮,崖崩れ等,内水氾濫",""
"","大津中央公民館","鳴門市大津町大代679-2","34.166346","134.570804","","","","","","","","","","","088-686-5569","指定緊急避難場所（法指定）","洪水,高潮,崖崩れ等,内水氾濫",""
"","大幸集会所","鳴門市大津町大幸字若宮の元14","34.153921","134.554882","","","","","","","","","","","−","指定緊急避難場所（法指定）","洪水,高潮,崖崩れ等,内水氾濫",""
"","里浦北集会所","鳴門市里浦町里浦字坂田415-5","34.177064","134.629683","","","","","","","","","","","−","指定緊急避難場所（法指定）","洪水,高潮,崖崩れ等,地震,内水氾濫",""
"","里浦小学校（体育館）","鳴門市里浦町里浦字西浜401","34.16683435","134.6261856","","","","","","","","","","","088-686-0236","指定緊急避難場所（法指定）","洪水,高潮,崖崩れ等,地震,内水氾濫",""
"","里浦集会所","鳴門市里浦町里浦字花面350-2","34.173567","134.626358","","","","","","","","","","","−","指定緊急避難場所（法指定）","洪水,高潮,崖崩れ等,内水氾濫",""
"","里浦農業協同組合","鳴門市里浦町里浦字花面233-1","34.175588","134.624888","","","","","","","","","","","088-685-2111","指定緊急避難場所（法指定）","洪水,高潮,崖崩れ等,内水氾濫",""
"","里浦公民館","鳴門市里浦町里浦字花面535-2","34.171452","134.625098","","","","","","","","","","","088-685-2275","指定緊急避難場所（法指定）","洪水,高潮,崖崩れ等,地震,内水氾濫",""
"","北浜老人憩いの家","鳴門市撫養町北浜字宮の東4-2","34.180694","134.614003","","","","","","","","","","","088-685-7037","指定緊急避難場所（法指定）","洪水,高潮,崖崩れ等,内水氾濫",""
"","岡崎集会所","鳴門市撫養町岡崎字二等道路東41-2","34.181245","134.620446","","","","","","","","","","","−","指定緊急避難場所（法指定）","洪水,高潮,崖崩れ等,地震,内水氾濫",""
"","弁財天集会所","鳴門市撫養町弁財天字三ツ井丁4-2","34.179962","134.617876","","","","","","","","","","","−","指定緊急避難場所（法指定）","洪水,高潮,崖崩れ等,内水氾濫",""
"","林崎集会所","鳴門市撫養町林崎字南殿町28-2","34.1769627195296","134.614255203703","","","","","","","","","","","−","指定緊急避難場所（法指定）","洪水,高潮,崖崩れ等,地震,内水氾濫",""
"","立岩塩浜集会所","鳴門市撫養町立岩字元地196","34.172253","134.617329","","","","","","","","","","","−","指定緊急避難場所（法指定）","洪水,高潮,崖崩れ等,内水氾濫",""
"","川東公民館","鳴門市撫養町立岩字内田63-2","34.176066","134.614309","","","","","","","","","","","088-685-0923","指定緊急避難場所（法指定）","洪水,高潮,崖崩れ等,地震,内水氾濫",""
"","林崎小学校（体育館）","鳴門市撫養町立岩字内田73-1","34.17625196","134.6161333","","","","","","","","","","","088-686-2469","指定緊急避難場所（法指定）","洪水,高潮,崖崩れ等,地震,内水氾濫",""
"","鳴門市立図書館","鳴門市撫養町大桑島字蛭子山11","34.185687","134.602969","","","","","","","","","","","088-686-4548","指定緊急避難場所（法指定）","洪水,高潮,崖崩れ等,内水氾濫",""
"","勤労者体育センター","鳴門市撫養町大桑島字濘岩浜35-8","34.185186","134.613845","","","","","","","","","","","−","指定緊急避難場所（法指定）","洪水,高潮,崖崩れ等,内水氾濫",""
"","鳴門市剣道場","鳴門市撫養町大桑島字濘岩浜35","34.184885","134.614591","","","","","","","","","","","−","指定緊急避難場所（法指定）","洪水,高潮,崖崩れ等,内水氾濫",""
"","聖母幼稚園","鳴門市撫養町黒崎字松島208","34.188363","134.60041","","","","","","","","","","","088-685-0079","指定緊急避難場所（法指定）","洪水,高潮,崖崩れ等,内水氾濫",""
"","黒崎集会所","鳴門市撫養町黒崎字清水52-1","34.189202","134.597162","","","","","","","","","","","−","指定緊急避難場所（法指定）","洪水,高潮,崖崩れ等,地震,内水氾濫",""
"","黒崎幼稚園","鳴門市撫養町黒崎字清水86-2","34.189161","134.595957","","","","","","","","","","","088-686-9478","指定緊急避難場所（法指定）","洪水,高潮,崖崩れ等,内水氾濫",""
"","鳴門渦潮高等学校　撫養グラウンド（クラブハウス2階）","鳴門市撫養町南浜字馬目木58","34.1722462504196","134.595516261417","","","","","","","","","","","088-685-1107","指定緊急避難場所（法指定）","洪水,高潮,崖崩れ等,地震,津波,内水氾濫",""
"","第一中学校（体育館）","鳴門市撫養町南浜字浜田37-1","34.1727435457207","134.604674138567","","","","","","","","","","","088-685-2542","指定緊急避難場所（法指定）","洪水,高潮,崖崩れ等,地震,津波,内水氾濫",""
"","徳島北農協撫養支所","鳴門市撫養町南浜字東浜32-8","34.1729057511823","134.609757008593","","","","","","","","","","","088-685-0121","指定緊急避難場所（法指定）","洪水,高潮,崖崩れ等,地震,内水氾濫",""
"","市民会館","鳴門市撫養町南浜字東浜170","34.173012","134.608993","","","","","","","","","","","088-684-1181","指定緊急避難場所（法指定）","洪水,高潮,崖崩れ等,内水氾濫",""
"","東浜集会所","鳴門市撫養町南浜字東浜274","34.174972","134.609929","","","","","","","","","","","−","指定緊急避難場所（法指定）","洪水,高潮,崖崩れ等,内水氾濫",""
"","木津元村集会所","鳴門市撫養町木津1123-2","34.170318","134.582316","","","","","","","","","","","−","指定緊急避難場所（法指定）","洪水,高潮,崖崩れ等,地震,内水氾濫",""
"","天理教撫養大教会","鳴門市撫養町木津461","34.168822","134.577005","","","","","","","","","","","088-686-3214","指定緊急避難場所（法指定）","洪水,高潮,崖崩れ等,内水氾濫",""
"","鳴門・大塚スポーツパーク（武道館）","鳴門市撫養町立岩字四枚61","34.1678102","134.6153064","","","","","","","","","","","−","指定緊急避難場所（法指定）","洪水,高潮,崖崩れ等,地震,内水氾濫",""
"","大代山路集会所（集会所）","鳴門市大津町大代997-1","34.170671","134.566212","","","","","","","","","","","","指定緊急避難場所（法指定）","洪水,高潮,崖崩れ等,地震,内水氾濫",""
"","堀江南小学校（校舎）","鳴門市大麻町西馬詰字橋ノ本7","34.144984","134.540956","","","","","","","","","","","088-689-0014","指定緊急避難場所（法指定）","洪水,津波,内水氾濫",""
"","第一小学校（校舎）","鳴門市大津町木津野字内田11","34.168645","134.593538","","","","","","","","","","","088-685-1301","指定緊急避難場所（法指定）","洪水,津波,内水氾濫",""
"","大津西小学校（校舎）","鳴門市大津町大代1210","34.166654","134.567446","","","","","","","","","","","088-686-3509","指定緊急避難場所（法指定）","洪水,津波,内水氾濫",""
"","鳴門・大塚スポーツパーク（アミノバリューホール）","鳴門市撫養町立岩字四枚61","34.16899971","134.6154352","","","","","","","","","","","088-685-3131","指定緊急避難場所（法指定）","洪水,高潮,崖崩れ等,地震,津波,内水氾濫",""
"","桑島小学校（校舎）","撫養町大桑島字与三左谷6","34.184826","134.607089","","","","","","","","","","","088-686-2239","指定緊急避難場所（法指定）","洪水,津波,内水氾濫",""
"","黒崎小学校（校舎）","鳴門市撫養町黒崎字宮津88-1","34.187559","134.59681","","","","","","","","","","","088-686-2243","指定緊急避難場所（法指定）","洪水,津波",""
